,Screen Name,Date,Tweet Text,Compound,Positive,Negative,Neutral,Tweets Ago
0,BBC,Fri Jun 22 19:11:28 +0000 2018,"RT @BBCBreakfast: So many reasons to love¬†the #NorthEast of #England.
#Inventions https://t.co/xVseuMG347",0.637,0.259,0.0,0.741,2
1,BBC,Fri Jun 22 19:11:15 +0000 2018,"RT @bbcworldservice: Born without a jaw, Isaiah Acosta has never spoken a word, yet he‚Äôs gone on to fulfil his dream of becoming a rapper.‚Ä¶",0.25,0.087,0.0,0.913,3
2,BBC,Fri Jun 22 19:10:41 +0000 2018,"RT @bbcstories: Today marks 70 years since the arrival of Caribbean migrants on the Empire Windrush ship to the UK.

 Back in 2018, how has‚Ä¶",0.0,0.0,0.0,1.0,4
3,BBC,Fri Jun 22 19:10:14 +0000 2018,RT @BBCTwo: How long would it take you to demolish this AMAZING burger? üçîüòµ #MillionPoundMenu https://t.co/KH8VHK2rE6,0.752,0.265,0.0,0.735,5
4,BBC,Fri Jun 22 19:09:53 +0000 2018,"RT @BBCFOUR: With over 10,000 credits, Carol Kaye is one of the most prolific bassists of all time ‚Äì and her bragging rights are *amazing*.‚Ä¶",0.361,0.098,0.0,0.902,6
5,BBC,Fri Jun 22 19:04:06 +0000 2018,"‚ù§Ô∏èüêø Meet the sabre-toothed squirrel whose life was saved by an amateur dentist.
üëâ https://t.co/C6gXwp7Yke https://t.co/fp3vGzEW5S",0.422,0.167,0.0,0.833,7
6,BBC,Fri Jun 22 18:01:05 +0000 2018,"üòÇüëõ Everyone has that one mate who always loses their purse... 
#HearHer #LiveAtTheApollo https://t.co/DinViMhGVm",-0.318,0.0,0.15,0.85,8
7,BBC,Fri Jun 22 17:00:21 +0000 2018,üêæüê∂üíï Would you give a deaf dog a home? https://t.co/sjbsjOEzqT,0.0,0.0,0.0,1.0,9
8,BBC,Fri Jun 22 16:01:00 +0000 2018,"When the weekend's so close you can almost touch it...  üôå #FridayFeeling
 @Camila_Cabello https://t.co/eosSiBxZft",0.0,0.0,0.0,1.0,10
9,BBC,Fri Jun 22 13:02:03 +0000 2018,"üòÇüé§ Hello, it's literally me... 
#HearHer https://t.co/7XMLDQMR3B",0.0,0.0,0.0,1.0,11
10,BBC,Fri Jun 22 12:03:05 +0000 2018,Questions for a Sikh https://t.co/UhKZNiTRtC,0.0,0.0,0.0,1.0,12
11,BBC,Fri Jun 22 11:00:13 +0000 2018,"Why do only some people get blackout drunk?
üëâ https://t.co/4C8KOCcSsU https://t.co/8S8axGO0F5",-0.34,0.0,0.211,0.789,13
12,BBC,Fri Jun 22 08:01:04 +0000 2018,"In the aftermath of Hurricane Maria, Michelin-starred @chefjoseandres managed to feed more Puerto Ricans than any g‚Ä¶ https://t.co/SXJJG4hnMG",0.0,0.0,0.0,1.0,14
13,BBC,Fri Jun 22 07:28:05 +0000 2018,"'Always forgive your enemies; nothing annoys them so much.'

Oscar Wilde's best quotes.
üëâ https://t.co/4ldEknyrSW https://t.co/vr8KdzXP89",0.663,0.378,0.14,0.482,15
14,BBC,Fri Jun 22 07:00:04 +0000 2018,"'I wax my face every 2 weeks and haven't been able to get pregnant, but I won't let polycystic ovary syndrome defin‚Ä¶ https://t.co/uyNbPpgeY7",0.0,0.0,0.0,1.0,16
15,BBC,Thu Jun 21 19:03:04 +0000 2018,"üòÇ That time @NoelFielding11 confronted some rowdy teens‚Ä¶
#LiveAtTheApollo https://t.co/tV9SB4r8Yz",-0.202,0.0,0.184,0.816,17
16,BBC,Thu Jun 21 18:01:06 +0000 2018,üì± Is social media impacting how we express ourselves?  https://t.co/nADRuAW49x,0.0,0.0,0.0,1.0,18
17,BBC,Thu Jun 21 16:42:25 +0000 2018,"RT @bbcthree: What it feels like when you don't want your baby. #HearHer
(turn on your sound) https://t.co/7ErzX8p7Ag",0.313,0.127,0.062,0.811,19
18,BBC,Thu Jun 21 16:01:04 +0000 2018,üòç The Scottish coast is incredible! https://t.co/pn2LdiZwdQ,0.0,0.0,0.0,1.0,20
19,BBC,Thu Jun 21 16:00:09 +0000 2018,"RT @BBCRadio4: Activist
Poet
Director
Actor
Writer...
...and inspiration
@Aardman Animations made a beautiful short film about Maya Angelou‚Ä¶",0.807,0.313,0.0,0.687,21
20,BBC,Fri Jun 22 19:11:28 +0000 2018,"RT @BBCBreakfast: So many reasons to love¬†the #NorthEast of #England.
#Inventions https://t.co/xVseuMG347",0.637,0.259,0.0,0.741,22
21,BBC,Fri Jun 22 19:11:15 +0000 2018,"RT @bbcworldservice: Born without a jaw, Isaiah Acosta has never spoken a word, yet he‚Äôs gone on to fulfil his dream of becoming a rapper.‚Ä¶",0.25,0.087,0.0,0.913,23
22,BBC,Fri Jun 22 19:10:41 +0000 2018,"RT @bbcstories: Today marks 70 years since the arrival of Caribbean migrants on the Empire Windrush ship to the UK.

 Back in 2018, how has‚Ä¶",0.0,0.0,0.0,1.0,24
23,BBC,Fri Jun 22 19:10:14 +0000 2018,RT @BBCTwo: How long would it take you to demolish this AMAZING burger? üçîüòµ #MillionPoundMenu https://t.co/KH8VHK2rE6,0.752,0.265,0.0,0.735,25
24,BBC,Fri Jun 22 19:09:53 +0000 2018,"RT @BBCFOUR: With over 10,000 credits, Carol Kaye is one of the most prolific bassists of all time ‚Äì and her bragging rights are *amazing*.‚Ä¶",0.361,0.098,0.0,0.902,26
25,BBC,Fri Jun 22 19:04:06 +0000 2018,"‚ù§Ô∏èüêø Meet the sabre-toothed squirrel whose life was saved by an amateur dentist.
üëâ https://t.co/C6gXwp7Yke https://t.co/fp3vGzEW5S",0.422,0.167,0.0,0.833,27
26,BBC,Fri Jun 22 18:01:05 +0000 2018,"üòÇüëõ Everyone has that one mate who always loses their purse... 
#HearHer #LiveAtTheApollo https://t.co/DinViMhGVm",-0.318,0.0,0.15,0.85,28
27,BBC,Fri Jun 22 17:00:21 +0000 2018,üêæüê∂üíï Would you give a deaf dog a home? https://t.co/sjbsjOEzqT,0.0,0.0,0.0,1.0,29
28,BBC,Fri Jun 22 16:01:00 +0000 2018,"When the weekend's so close you can almost touch it...  üôå #FridayFeeling
 @Camila_Cabello https://t.co/eosSiBxZft",0.0,0.0,0.0,1.0,30
29,BBC,Fri Jun 22 13:02:03 +0000 2018,"üòÇüé§ Hello, it's literally me... 
#HearHer https://t.co/7XMLDQMR3B",0.0,0.0,0.0,1.0,31
30,BBC,Fri Jun 22 12:03:05 +0000 2018,Questions for a Sikh https://t.co/UhKZNiTRtC,0.0,0.0,0.0,1.0,32
31,BBC,Fri Jun 22 11:00:13 +0000 2018,"Why do only some people get blackout drunk?
üëâ https://t.co/4C8KOCcSsU https://t.co/8S8axGO0F5",-0.34,0.0,0.211,0.789,33
32,BBC,Fri Jun 22 08:01:04 +0000 2018,"In the aftermath of Hurricane Maria, Michelin-starred @chefjoseandres managed to feed more Puerto Ricans than any g‚Ä¶ https://t.co/SXJJG4hnMG",0.0,0.0,0.0,1.0,34
33,BBC,Fri Jun 22 07:28:05 +0000 2018,"'Always forgive your enemies; nothing annoys them so much.'

Oscar Wilde's best quotes.
üëâ https://t.co/4ldEknyrSW https://t.co/vr8KdzXP89",0.663,0.378,0.14,0.482,35
34,BBC,Fri Jun 22 07:00:04 +0000 2018,"'I wax my face every 2 weeks and haven't been able to get pregnant, but I won't let polycystic ovary syndrome defin‚Ä¶ https://t.co/uyNbPpgeY7",0.0,0.0,0.0,1.0,36
35,BBC,Thu Jun 21 19:03:04 +0000 2018,"üòÇ That time @NoelFielding11 confronted some rowdy teens‚Ä¶
#LiveAtTheApollo https://t.co/tV9SB4r8Yz",-0.202,0.0,0.184,0.816,37
36,BBC,Thu Jun 21 18:01:06 +0000 2018,üì± Is social media impacting how we express ourselves?  https://t.co/nADRuAW49x,0.0,0.0,0.0,1.0,38
37,BBC,Thu Jun 21 16:42:25 +0000 2018,"RT @bbcthree: What it feels like when you don't want your baby. #HearHer
(turn on your sound) https://t.co/7ErzX8p7Ag",0.313,0.127,0.062,0.811,39
38,BBC,Thu Jun 21 16:01:04 +0000 2018,üòç The Scottish coast is incredible! https://t.co/pn2LdiZwdQ,0.0,0.0,0.0,1.0,40
39,BBC,Thu Jun 21 16:00:09 +0000 2018,"RT @BBCRadio4: Activist
Poet
Director
Actor
Writer...
...and inspiration
@Aardman Animations made a beautiful short film about Maya Angelou‚Ä¶",0.807,0.313,0.0,0.687,41
40,BBC,Thu Jun 21 13:02:34 +0000 2018,"üíîü¶ç Koko the gorilla has sadly died, aged 46.

Here's the story of her life. https://t.co/rIRb7mHpJx",-0.751,0.0,0.314,0.686,42
41,BBC,Thu Jun 21 12:28:30 +0000 2018,"RT @BBCOne: In 1979, one surgeon was about to make NHS history by performing the UK's first heart transplant. https://t.co/HmUZBE5MLd",0.0,0.0,0.0,1.0,43
42,BBC,Thu Jun 21 12:25:47 +0000 2018,"RT @bbcarts: Artistic Director at @royalcourt, @vicfeatherstone, has curated #Snatches - a series of provocative monologues, written and pe‚Ä¶",0.0,0.0,0.0,1.0,44
43,BBC,Thu Jun 21 12:01:06 +0000 2018,Tessa Sanderson was the first British woman to win an Olympic gold medal in the javelin. #HearHer https://t.co/Kqff1C4QSe,0.784,0.301,0.0,0.699,45
44,BBC,Thu Jun 21 11:01:04 +0000 2018,"ü•ó What's behind the rise in veganism?
üëâ https://t.co/26dyqv3CWQ https://t.co/KZd2kBVkNW",0.0,0.0,0.0,1.0,46
45,BBC,Thu Jun 21 09:55:19 +0000 2018,"‚ù§Ô∏èüë∂ New Zealand's Prime Minister Jacinda Ardern has given birth to a baby girl, making her only the second elected‚Ä¶ https://t.co/7LDkCupd1c",0.0,0.0,0.0,1.0,47
46,BBC,Thu Jun 21 09:13:56 +0000 2018,‚òÄÔ∏è Thousands of people have witnessed the sunrise at Stonehenge to celebrate the #SummerSolstice. https://t.co/f0PA5HYgRK,0.572,0.209,0.0,0.791,48
47,BBC,Thu Jun 21 08:01:01 +0000 2018,"When a fire at a children's home in Guatemala killed dozens of teenage girls, it exposed a terrifying culture of ab‚Ä¶ https://t.co/saKLWSu1NT",-0.898,0.0,0.442,0.558,49
48,BBC,Thu Jun 21 07:45:57 +0000 2018,"‚òÄÔ∏è Happy #SummerSolstice! 
Today has an average of 16h 39m of daylight in the UK - that's 8h 49m more than during t‚Ä¶ https://t.co/Vg1QFQNU0r",0.611,0.154,0.0,0.846,50
49,BBC,Thu Jun 21 07:27:03 +0000 2018,"üê∏üëÄ Frogs trapped in amber for 99 million years are giving a glimpse of a lost world.
üëâ https://t.co/FP7lgt3bLE https://t.co/W6F1W0PCtI",-0.511,0.109,0.258,0.633,51
50,BBC,Thu Jun 21 07:01:04 +0000 2018,üéßüê¶üé∂ Five glorious minutes of a Caribbean dawn chorus. https://t.co/9t1PVkC4Kn,0.637,0.344,0.0,0.656,52
51,BBC,Wed Jun 20 20:02:08 +0000 2018,üé£ @realbobmortimer and Paul Whitehouse share their personal and hilarious life experiences while travelling around‚Ä¶ https://t.co/NeZ1V04R74,0.599,0.274,0.0,0.726,53
52,BBC,Wed Jun 20 18:00:25 +0000 2018,"üç∑ @Rihanna. Wine glass stealer extraordinaire.
#TheGNShow https://t.co/no25tcxHJj",-0.402,0.0,0.31,0.69,54
53,BBC,Wed Jun 20 17:32:05 +0000 2018,"Discover Porthcawl Elvis Festival, the largest Elvis festival in the world... 

Mad About Elvis | 7:30pm | @BBCOne‚Ä¶ https://t.co/JBFFZhtPMD",0.494,0.271,0.136,0.593,55
54,BBC,Wed Jun 20 16:00:26 +0000 2018,"Gaming addiction is listed as mental health condition for first time by @WHO.

How much is too much? https://t.co/hB16QHI6B8",0.0,0.0,0.0,1.0,56
55,BBC,Wed Jun 20 14:35:32 +0000 2018,"RT @bbcworldservice: How the promise of dance lessons can keep children in school. 
 
@SunkitYole is just one of the nominees for the Outlo‚Ä¶",0.318,0.095,0.0,0.905,57
56,BBC,Wed Jun 20 13:05:22 +0000 2018,RT @bbcthesocial: Salih fled Syria and travelled all the way to Scotland. He designed a tattoo to illustrate his incredible journey üíô #Worl‚Ä¶,0.0,0.0,0.0,1.0,58
57,BBC,Wed Jun 20 13:02:04 +0000 2018,A baby boy who was born on a Paris commuter train has been given free rail travel until he is 25! üë∂üá´üá∑üéâ‚Ä¶ https://t.co/XeAeCBBjLj,0.556,0.152,0.0,0.848,59
58,BBC,Wed Jun 20 12:00:21 +0000 2018,"100 years after women won the right to vote, are we really any closer to true gender equality in 2018? @BBCArts ask‚Ä¶ https://t.co/qrc2yQ5WqF",0.758,0.236,0.0,0.764,60
59,BBC,Wed Jun 20 11:03:05 +0000 2018,"How to have a baby, debone a chicken, and other life-changing YouTube hacks.
Because life's a little easier with th‚Ä¶ https://t.co/2RC1zxgYb4",0.363,0.129,0.0,0.871,61
60,BBC,Wed Jun 20 10:31:58 +0000 2018,RT @BBC6MorningShow: #PeoplesPlaylist time - we've got a VERY important job for the @BBC6Music family c/o friend of this show Jo Milne (@jo‚Ä¶,0.721,0.241,0.0,0.759,62
61,BBC,Wed Jun 20 10:20:48 +0000 2018,üáØüáµ‚öΩÔ∏èüóë Japanese football fans have impressed the world by meticulously cleaning up their rows and seats in the stadi‚Ä¶ https://t.co/AGITQOknOI,0.477,0.14,0.0,0.86,63
62,BBC,Wed Jun 20 10:03:05 +0000 2018,"RT @BBCWales: When Darren 'Graceland' Jones becomes #Elvis, he touches the lives of many others by evoking memories... 

üé§ Our Lives: #MadA‚Ä¶",0.0,0.0,0.0,1.0,64
63,BBC,Wed Jun 20 09:47:39 +0000 2018,"RT @bbcthree: Fatima lives in a refugee camp, but that's not stopping her will to succeed. #WorldRefugeeDay https://t.co/RnQJRDAY2y",0.715,0.285,0.0,0.715,65
64,BBC,Wed Jun 20 08:00:23 +0000 2018,"18 of the greatest moments in human civilisation.
#Civilisations https://t.co/naGsXLkC95",0.637,0.318,0.0,0.682,66
65,BBC,Wed Jun 20 07:25:01 +0000 2018,"ü§îüí≠ 'Jamais vu is the opposite of d√©j√† vu.'

Eight things you *probably* haven't heard before about that funny feeli‚Ä¶ https://t.co/SLnIksuK3u",0.44,0.127,0.0,0.873,67
66,BBC,Wed Jun 20 07:00:15 +0000 2018,Who knew Quidditch was a sport? https://t.co/VvZzXkTubL,0.0,0.0,0.0,1.0,68
67,BBC,Tue Jun 19 19:03:08 +0000 2018,"Follow Inside Justice as they investigate the cases of convicted murderers who claim to be innocent.

#Conviction |‚Ä¶ https://t.co/2FhNIkcgUH",0.128,0.222,0.165,0.613,69
68,BBC,Tue Jun 19 18:01:10 +0000 2018,"The squirrel family is one of the most widespread on earth, so what is the secret to their success? üêø

Natural Worl‚Ä¶ https://t.co/bWRqIik7Vw",0.735,0.237,0.0,0.763,70
69,BBC,Tue Jun 19 18:00:21 +0000 2018,"Throwback to when #JodieWhittaker was revealed as the new Doctor in 2017. 

#HearHer @bbcdoctorwho https://t.co/Rm3uhZyyi1",0.0,0.0,0.0,1.0,71
70,BBC,Tue Jun 19 16:00:28 +0000 2018,"üêøüíö Billy was rescued at just 5 days old. 
Would you foster a baby red squirrel?

#SuperSquirrels | 8pm | @BBCTwo https://t.co/GIi8cAUz6R",0.422,0.141,0.0,0.859,72
71,BBC,Tue Jun 19 15:20:59 +0000 2018,"RT @cbbc: Want to cover @England's @hkane in #WorldCup stickers?! Download the CBBC Buzz app here üëâ https://t.co/dcRAwvWtxs

@BBCSport @BBC‚Ä¶",0.151,0.081,0.0,0.919,73
72,BBC,Tue Jun 19 15:02:04 +0000 2018,"The Queen's granddaughter, Zara Tindall, has given birth to a baby girl. üë∂

https://t.co/LBMmlTU2Fq https://t.co/5E6W6MzXW8",0.0,0.0,0.0,1.0,74
73,BBC,Tue Jun 19 14:59:48 +0000 2018,"RT @BBCOne: When a training exercise in Belize goes wrong, Captain James and Georgie find themselves in danger.

@michkeegan and @benaldrid‚Ä¶",-0.758,0.0,0.265,0.735,75
74,BBC,Tue Jun 19 13:38:02 +0000 2018,"The world's oldest known Sumatran orangutan has died in an Australian zoo aged 62, leaving behind 54 descendants.
üëâ‚Ä¶ https://t.co/ot0RvvMGaY",-0.557,0.0,0.159,0.841,76
75,BBC,Tue Jun 19 12:59:03 +0000 2018,"Meet the England football fan who has been to every World Cup since Mexico '86 ‚öΩÔ∏è

https://t.co/z3ZSmB0IWH https://t.co/Ei6hN1wk9Q",-0.077,0.11,0.124,0.766,77
76,BBC,Tue Jun 19 12:02:05 +0000 2018,"It is an omelette? Is it a beef slice? No, it's @Rihanna's dress at the Met Gala.
#TheGNShow https://t.co/HjWmICH6zV",-0.374,0.0,0.131,0.869,78
77,BBC,Tue Jun 19 11:00:20 +0000 2018,"'Hope for the best, be prepared for the worst and expect nothing.'

10 incredible #MayaAngelou quotes to live your‚Ä¶ https://t.co/qzG9hDHZJj",0.599,0.309,0.141,0.55,79
78,BBC,Tue Jun 19 10:26:08 +0000 2018,‚úàÔ∏è Electric plane takes to the skies as Norway bids to combat climate change. https://t.co/wrjHlVhAZJ,-0.34,0.0,0.146,0.854,80
79,BBC,Tue Jun 19 09:55:13 +0000 2018,"RT @BBC_Teach: BBC Bitesize is 20 üôåüéâ !
To celebrate, tell us your Bitesize story. Did you use Bitesize to pass your exams? Do you use Bites‚Ä¶",0.611,0.138,0.0,0.862,81
80,BBC,Tue Jun 19 09:53:59 +0000 2018,RT @TWBBC: Should we bring the woolly mammoth back from the dead? Or should we use the same technology to better protect endangered species‚Ä¶,0.052,0.179,0.14,0.682,82
81,BBC,Tue Jun 19 09:47:43 +0000 2018,"RT @BBCSport: ‚úÖ 18.3 million on @BBCOne 
‚úÖ 3 million online streams
‚úÖ More viewers than the royal wedding
‚úÖ England win

Thanks for joining‚Ä¶",0.772,0.271,0.0,0.729,83
82,BBC,Tue Jun 19 08:00:15 +0000 2018,"Faced with extreme weather, Bolivian farmers are going underground. #BBCTakingTheTemperature https://t.co/ocATWI0jPL",0.0,0.0,0.0,1.0,84
83,BBC,Tue Jun 19 07:27:05 +0000 2018,"Antarctica has lost three trillion tonnes of ice in 25 years.
üëâ https://t.co/lzm3BAGQRi https://t.co/ryqk634l6a",-0.318,0.0,0.161,0.839,85
84,BBC,Tue Jun 19 07:00:16 +0000 2018,They survived the Ice Age but today saiga antelopes are struggling. https://t.co/IPU5smfklg,-0.372,0.136,0.233,0.631,86
85,BBC,Mon Jun 18 20:58:38 +0000 2018,"RT @BBCOne: This. Will. Hurt.

@IdrisElba returns as the inimitable DCI #Luther. Coming soon to @BBCOne. https://t.co/FO9GM9yurk",-0.527,0.0,0.175,0.825,87
86,BBC,Mon Jun 18 20:02:04 +0000 2018,"Monologues inspired by women who have spoken out, challenged the status quo or made a stand - often at great person‚Ä¶ https://t.co/kkpLMaYB7X",0.784,0.284,0.054,0.661,88
87,BBC,Mon Jun 18 18:02:04 +0000 2018,"üéß‚ù§Ô∏è Casey dreams of one day playing in Ibiza. 
(via @BBCThree) https://t.co/sxEqTuiekr",0.542,0.31,0.0,0.69,89
88,BBC,Mon Jun 18 16:16:09 +0000 2018,"Tonight, @GaryLineker introduces live coverage from the #WorldCup as England take on Africa's highest-ranked team.‚Ä¶ https://t.co/qGO8XWrMsB",0.0,0.0,0.0,1.0,90
89,BBC,Mon Jun 18 16:02:03 +0000 2018,"‚úä @StaceyDooley investigates the changing face of women's protests. 
#HearHer https://t.co/77aW9jzlE0",-0.226,0.0,0.174,0.826,91
90,BBC,Mon Jun 18 15:35:49 +0000 2018,RT @bbcrb: Thank goodness a psychic alpaca has predicted tonight's result. We just couldn't bear the intrigue any longer... üòÇÔ∏è‚öΩÔ∏èüè¥Û†ÅßÛ†Å¢Û†Å•Û†ÅÆÛ†ÅßÛ†Åø htt‚Ä¶,0.67,0.234,0.0,0.766,92
91,BBC,Mon Jun 18 15:32:42 +0000 2018,"RT @BBCiPlayer: In 1968, one determined factory worker led her colleagues out on strike for equal pay and better working conditions. 
#Made‚Ä¶",0.527,0.202,0.111,0.687,93
92,BBC,Mon Jun 18 15:32:33 +0000 2018,"RT @BBCOne: To celebrate 70 years of the NHS, @StaceyDooley and @JonniePeacock join a team of celebs to get first-hand experience at one of‚Ä¶",0.71,0.219,0.0,0.781,94
93,BBC,Mon Jun 18 15:28:37 +0000 2018,"RT @bbcthree: This 13-year-old made an app to help disabled people find accessible services. 

Watch more Solutions Lab here: https://t.co/‚Ä¶",0.571,0.207,0.0,0.793,95
94,BBC,Mon Jun 18 14:52:52 +0000 2018,"RT @BBCSport: Brilliant üòÇ

National Grid is preparing for a power surge equivalent to 23 million fridge doors opening at once at half-time‚Ä¶",0.586,0.16,0.0,0.84,96
95,BBC,Mon Jun 18 13:03:06 +0000 2018,"üé® What Picasso's Kitchen reveals about his art.
üëâ https://t.co/f60bZFnAiv https://t.co/b1xirRNFMC",0.0,0.0,0.0,1.0,97
96,BBC,Mon Jun 18 12:03:05 +0000 2018,ü§£üêê This look relaxing to you? https://t.co/v5JwLDN3wm,0.494,0.348,0.0,0.652,98
97,BBC,Mon Jun 18 11:35:41 +0000 2018,"RT @BBCBreakfast: üí™ Another win in the battle against plastic straws! 
#plastic #plasticstraws https://t.co/VsJ7Co4gXU",0.36,0.231,0.147,0.622,99
98,BBC,Mon Jun 18 11:27:11 +0000 2018,"RT @BBC100women: Recently discovered letters written by Emmeline Pankhurst shed new light on the suffragette and her campaign to help the ""‚Ä¶",0.402,0.114,0.0,0.886,100
99,BBC,Mon Jun 18 11:03:06 +0000 2018,üéæ Sue Barker hosts live coverage of the opening day of the Championships from the famous Queen's Club in west Londo‚Ä¶ https://t.co/KaUoUWXRTE,0.494,0.138,0.0,0.862,101
100,CBS,Fri Jun 22 20:44:54 +0000 2018,@TwitterSupport Re: Richard Grove with CBSinteractive: so I need to find some way to prove my credentials as part o‚Ä¶ https://t.co/rTcg8nC1KT,0.0,0.0,0.0,1.0,2
101,CBS,Fri Jun 22 20:43:33 +0000 2018,"@TwitterSupport My name is Richard Grove, I am a web developer for CBSinteractive. I need to make adjustments for t‚Ä¶ https://t.co/vQzn6jut5n",0.0,0.0,0.0,1.0,3
102,CBS,Fri Jun 22 18:33:53 +0000 2018,"Every day is #TakeYourDogToWorkDay for shows like @HawaiiFive0CBS, @MomCBS, @SEALTeamCBS, and @bigbangtheory! https://t.co/DJaOt1VQcw",0.42,0.189,0.0,0.811,4
103,CBS,Thu Jun 21 23:29:50 +0000 2018,"Lights, camera, selfie! üì∏¬†Could there be a better photo for #NationalSelfieDay? https://t.co/14Ewx64yKC",0.493,0.242,0.0,0.758,5
104,CBS,Wed Jun 20 00:39:01 +0000 2018,There‚Äôs nothing quite like watching a contestant win a brand new car on @PriceIsRight. üëè  https://t.co/aKlFikYAMM,0.356,0.222,0.136,0.642,6
105,CBS,Mon Jun 18 20:27:50 +0000 2018,Time to make your predictions for #BB20! üëè Get to know the @CBSBigBrother Houseguests before the big premiere next‚Ä¶ https://t.co/jlpIchJ9sk,0.0,0.0,0.0,1.0,7
106,CBS,Mon Jun 18 15:00:46 +0000 2018,RT @CBSBigBrother: Meet the cast of #BB20... before anyone else! Start streaming all their live interviews beginning at 11am EST/8am PST on‚Ä¶,0.0,0.0,0.0,1.0,8
107,CBS,Sun Jun 17 13:00:01 +0000 2018,"Today and every day we celebrate their love, guidance, and support. Happy #FathersDay to every kind of dad! https://t.co/Wffax1khBH",0.939,0.493,0.0,0.507,9
108,CBS,Fri Jun 15 18:48:29 +0000 2018,"Casting Alert! @paulwesley, @DaniaJRamirez &amp; @JamesWolk are set to star in the upcoming CBS All Access psychologica‚Ä¶ https://t.co/JnZMrzT92n",0.36,0.128,0.0,0.872,10
109,CBS,Thu Jun 14 17:30:00 +0000 2018,"In case you missed it, watch the entire #TonyAwards now: https://t.co/Bm0yNV3Ff3 https://t.co/h3YnFkmSQJ",-0.296,0.0,0.167,0.833,11
110,CBS,Thu Jun 14 16:19:32 +0000 2018,RT @StrangeAngel: Mastermind or maniac? Explore the brilliant mind of Jack Parsons in #StrangeAngel. Now streaming on CBS All Access: https‚Ä¶,0.178,0.147,0.12,0.734,12
111,CBS,Tue Jun 12 00:19:23 +0000 2018,"No pain, no gain, ALL Hart! Just one month until the premiere of @TKOCBS hosted by @KevinHart4real. https://t.co/C1yMCglxVn",-0.556,0.134,0.315,0.551,13
112,CBS,Mon Jun 11 22:23:06 +0000 2018,"RT @TheNeighborhood: Welcome to #TheNeighborhood, @BethBehrs! The @2BrokeGirls star returns to @CBS in a new sitcom alongside @CedEntertain‚Ä¶",0.509,0.171,0.0,0.829,14
113,CBS,Mon Jun 11 19:01:38 +0000 2018,"In case you missed it, watch the entire #TonyAwards now: https://t.co/Bm0yNV3Ff3 https://t.co/3GA5otlcPa",-0.296,0.0,0.167,0.833,15
114,CBS,Mon Jun 11 14:00:37 +0000 2018,How do you know @SaraBareilles and @joshgroban's music? #TonyAwards https://t.co/POMXBORfUT,0.0,0.0,0.0,1.0,16
115,CBS,Mon Jun 11 06:19:36 +0000 2018,Here are all the performances from the 2018 #TonyAwards: https://t.co/gN4ItpFlRd https://t.co/fSMNBXKC9r,0.0,0.0,0.0,1.0,17
116,CBS,Mon Jun 11 06:04:41 +0000 2018,See the complete list of winners from the 2018 #TonyAwards: https://t.co/9XK6CGeber https://t.co/HkUIN4Quej,0.477,0.22,0.0,0.78,18
117,CBS,Mon Jun 11 03:10:33 +0000 2018,An end to a magical evening. The Band's Visit wins for Best Musical! #TonyAwards https://t.co/ODza97n8YH,0.848,0.406,0.0,0.594,19
118,CBS,Mon Jun 11 03:02:06 +0000 2018,Congratulations are in order for @TheKatrinaLenk! She just won for Best Leading Actress in a Musical. #TonyAwards https://t.co/t9bNvpiEmH,0.92,0.463,0.0,0.537,20
119,CBS,Mon Jun 11 02:58:30 +0000 2018,"RT @CBSThisMorning: Hmm... something seems off here @SaraBareilles @JoshGroban. üòÇ

@WaitressMusical @GreatCometBway #TonyAwards https://t.c‚Ä¶",0.0,0.0,0.0,1.0,21
120,CBS,Fri Jun 22 20:44:54 +0000 2018,@TwitterSupport Re: Richard Grove with CBSinteractive: so I need to find some way to prove my credentials as part o‚Ä¶ https://t.co/rTcg8nC1KT,0.0,0.0,0.0,1.0,22
121,CBS,Fri Jun 22 20:43:33 +0000 2018,"@TwitterSupport My name is Richard Grove, I am a web developer for CBSinteractive. I need to make adjustments for t‚Ä¶ https://t.co/vQzn6jut5n",0.0,0.0,0.0,1.0,23
122,CBS,Fri Jun 22 18:33:53 +0000 2018,"Every day is #TakeYourDogToWorkDay for shows like @HawaiiFive0CBS, @MomCBS, @SEALTeamCBS, and @bigbangtheory! https://t.co/DJaOt1VQcw",0.42,0.189,0.0,0.811,24
123,CBS,Thu Jun 21 23:29:50 +0000 2018,"Lights, camera, selfie! üì∏¬†Could there be a better photo for #NationalSelfieDay? https://t.co/14Ewx64yKC",0.493,0.242,0.0,0.758,25
124,CBS,Wed Jun 20 00:39:01 +0000 2018,There‚Äôs nothing quite like watching a contestant win a brand new car on @PriceIsRight. üëè  https://t.co/aKlFikYAMM,0.356,0.222,0.136,0.642,26
125,CBS,Mon Jun 18 20:27:50 +0000 2018,Time to make your predictions for #BB20! üëè Get to know the @CBSBigBrother Houseguests before the big premiere next‚Ä¶ https://t.co/jlpIchJ9sk,0.0,0.0,0.0,1.0,27
126,CBS,Mon Jun 18 15:00:46 +0000 2018,RT @CBSBigBrother: Meet the cast of #BB20... before anyone else! Start streaming all their live interviews beginning at 11am EST/8am PST on‚Ä¶,0.0,0.0,0.0,1.0,28
127,CBS,Sun Jun 17 13:00:01 +0000 2018,"Today and every day we celebrate their love, guidance, and support. Happy #FathersDay to every kind of dad! https://t.co/Wffax1khBH",0.939,0.493,0.0,0.507,29
128,CBS,Fri Jun 15 18:48:29 +0000 2018,"Casting Alert! @paulwesley, @DaniaJRamirez &amp; @JamesWolk are set to star in the upcoming CBS All Access psychologica‚Ä¶ https://t.co/JnZMrzT92n",0.36,0.128,0.0,0.872,30
129,CBS,Thu Jun 14 17:30:00 +0000 2018,"In case you missed it, watch the entire #TonyAwards now: https://t.co/Bm0yNV3Ff3 https://t.co/h3YnFkmSQJ",-0.296,0.0,0.167,0.833,31
130,CBS,Thu Jun 14 16:19:32 +0000 2018,RT @StrangeAngel: Mastermind or maniac? Explore the brilliant mind of Jack Parsons in #StrangeAngel. Now streaming on CBS All Access: https‚Ä¶,0.178,0.147,0.12,0.734,32
131,CBS,Tue Jun 12 00:19:23 +0000 2018,"No pain, no gain, ALL Hart! Just one month until the premiere of @TKOCBS hosted by @KevinHart4real. https://t.co/C1yMCglxVn",-0.556,0.134,0.315,0.551,33
132,CBS,Mon Jun 11 22:23:06 +0000 2018,"RT @TheNeighborhood: Welcome to #TheNeighborhood, @BethBehrs! The @2BrokeGirls star returns to @CBS in a new sitcom alongside @CedEntertain‚Ä¶",0.509,0.171,0.0,0.829,34
133,CBS,Mon Jun 11 19:01:38 +0000 2018,"In case you missed it, watch the entire #TonyAwards now: https://t.co/Bm0yNV3Ff3 https://t.co/3GA5otlcPa",-0.296,0.0,0.167,0.833,35
134,CBS,Mon Jun 11 14:00:37 +0000 2018,How do you know @SaraBareilles and @joshgroban's music? #TonyAwards https://t.co/POMXBORfUT,0.0,0.0,0.0,1.0,36
135,CBS,Mon Jun 11 06:19:36 +0000 2018,Here are all the performances from the 2018 #TonyAwards: https://t.co/gN4ItpFlRd https://t.co/fSMNBXKC9r,0.0,0.0,0.0,1.0,37
136,CBS,Mon Jun 11 06:04:41 +0000 2018,See the complete list of winners from the 2018 #TonyAwards: https://t.co/9XK6CGeber https://t.co/HkUIN4Quej,0.477,0.22,0.0,0.78,38
137,CBS,Mon Jun 11 03:10:33 +0000 2018,An end to a magical evening. The Band's Visit wins for Best Musical! #TonyAwards https://t.co/ODza97n8YH,0.848,0.406,0.0,0.594,39
138,CBS,Mon Jun 11 03:02:06 +0000 2018,Congratulations are in order for @TheKatrinaLenk! She just won for Best Leading Actress in a Musical. #TonyAwards https://t.co/t9bNvpiEmH,0.92,0.463,0.0,0.537,40
139,CBS,Mon Jun 11 02:58:30 +0000 2018,"RT @CBSThisMorning: Hmm... something seems off here @SaraBareilles @JoshGroban. üòÇ

@WaitressMusical @GreatCometBway #TonyAwards https://t.c‚Ä¶",0.0,0.0,0.0,1.0,41
140,CBS,Mon Jun 11 02:56:40 +0000 2018,RT @_stobin13: watching the #TonyAwards after going to 3 broadway shows this weekend makes it even better üòçü§©,0.44,0.153,0.0,0.847,42
141,CBS,Mon Jun 11 02:56:10 +0000 2018,Tony Shalhoub wins Best Leading Actor in a Musical. #TonyAwards   #TheBandsVisit https://t.co/KcUDSicKI5,0.836,0.467,0.0,0.533,43
142,CBS,Mon Jun 11 02:53:00 +0000 2018,The Boss looks right at home on the #TonyAwards stage! https://t.co/pwjv4iydkn,0.0,0.0,0.0,1.0,44
143,CBS,Mon Jun 11 02:47:29 +0000 2018,RT @Aatamianphoto: Springsteen is on the #TonyAwards and I love it.,0.637,0.318,0.0,0.682,45
144,CBS,Mon Jun 11 02:44:50 +0000 2018,Inspiration: Get to your YES! #OnceOnThisIsland #TonyAwards https://t.co/Wjp0QIWfXq,0.798,0.543,0.0,0.457,46
145,CBS,Mon Jun 11 02:44:37 +0000 2018,The feeling when you win a Tony. üôå¬†Congratulations to Once on This Island for winning Best Revival of a Musical!‚Ä¶ https://t.co/UpFCqgBTwh,0.952,0.55,0.0,0.45,47
146,CBS,Mon Jun 11 02:33:09 +0000 2018,What a beautiful performance by the cast of #TheBandsVisit. #TonyAwards https://t.co/4Hw96kZvrf,0.599,0.302,0.0,0.698,48
147,CBS,Mon Jun 11 02:29:18 +0000 2018,"""I'm a living example of how theatre can change you - and it didn't just change me, it saved me."" @JohnLeguizamo at‚Ä¶ https://t.co/4ICwMhb6hv",0.422,0.123,0.0,0.877,49
148,CBS,Mon Jun 11 02:23:56 +0000 2018,Angels in America takes the win for Best Revival of a Play! #TonyAwards https://t.co/zodW61tw8a,0.893,0.517,0.0,0.483,50
149,CBS,Mon Jun 11 02:21:03 +0000 2018,"RT @leahableson: The Once On This Island Goat And Chicken made it to the broadcast, Mama WILL provide #TonyAwards",0.0,0.0,0.0,1.0,51
150,CBS,Mon Jun 11 02:16:06 +0000 2018,That performance was the GOAT. #TonyAwards https://t.co/mtoU92HipQ,0.0,0.0,0.0,1.0,52
151,CBS,Mon Jun 11 02:11:03 +0000 2018,Harry Potter and the Cursed Child wins Best Play at the #TonyAwards! @HPPlayNYC https://t.co/WIqJQmtAlN,0.891,0.491,0.0,0.509,53
152,CBS,Mon Jun 11 02:05:47 +0000 2018,üé∂ ‚ÄúLet's dance this last dance tonight.‚Äù üé∂ #TonyAwards #DonnaSummerMusical https://t.co/UAIaglChfv,0.0,0.0,0.0,1.0,54
153,CBS,Mon Jun 11 02:03:31 +0000 2018,Hope he brought enough birthday cake for everyone! #TonyAwards https://t.co/FlLbKV6oj8,0.493,0.262,0.0,0.738,55
154,CBS,Mon Jun 11 01:58:48 +0000 2018,@writerlindsayb You're welcome! #TonyAwards,0.509,0.523,0.0,0.477,56
155,CBS,Mon Jun 11 01:53:17 +0000 2018,RT @hjmayer8: I sure do love @DearEvanHansen üíô #TonyAwards,0.758,0.565,0.0,0.435,57
156,CBS,Mon Jun 11 01:51:16 +0000 2018,"RT @Valerie4815: What a birthday present, the Tony audience singing happy birthday to you!! #TonyAwards",0.647,0.248,0.0,0.752,58
157,CBS,Mon Jun 11 01:38:23 +0000 2018,If only this performance could go on forever. #TonyAwards @FrozenBroadway https://t.co/p2BMUvyTxr,0.0,0.0,0.0,1.0,59
158,CBS,Mon Jun 11 01:37:36 +0000 2018,RT @anna_villanueva: Magnificent performance from the cast of @FrozenBroadway! #TonyAwards2018 #TonyAwards #Tonys,0.636,0.276,0.0,0.724,60
159,CBS,Mon Jun 11 01:30:56 +0000 2018,Glenda Jackson wins Best Leading Actress in a Play. #TonyAwards @threetallwomen https://t.co/GRp1gcBuiW,0.883,0.563,0.0,0.437,61
160,CBS,Mon Jun 11 01:29:21 +0000 2018,.@SaraBareilles is totally a Gryffindor. #TonyAwards https://t.co/OPQ7esk2dn,0.0,0.0,0.0,1.0,62
161,CBS,Mon Jun 11 01:26:03 +0000 2018,RT @IzzyNY202: How impressive are these Marjory Stoneman Douglas students? That #TonyAwards performance reduced me to tears. Amazing.,0.735,0.296,0.079,0.625,63
162,CBS,Mon Jun 11 01:25:59 +0000 2018,RT @KatLargent: MAGIC #TonyAwards,0.0,0.0,0.0,1.0,64
163,CBS,Mon Jun 11 01:24:46 +0000 2018,Such a touching moment at the #TonyAwards. ‚ù§Ô∏è https://t.co/4kJWTHVPZ8,0.0,0.0,0.0,1.0,65
164,CBS,Mon Jun 11 01:24:12 +0000 2018,.@Matt_Morrison welcomes the Marjory Stoneman Douglas High School theatre department to the stage. #TonyAwards https://t.co/5dxa9smeka,0.402,0.162,0.0,0.838,66
165,CBS,Mon Jun 11 01:19:59 +0000 2018,So many feels at the #TonyAwards. Congratulations to @arielstachel for winning Best Featured Actor in a Musical!‚Ä¶ https://t.co/m1aRNIHPRK,0.915,0.457,0.0,0.543,67
166,CBS,Mon Jun 11 01:12:31 +0000 2018,RT @McBenefit: I love everything about you @UzoAduba. #TonyAwards,0.637,0.375,0.0,0.625,68
167,CBS,Mon Jun 11 01:08:28 +0000 2018,RT if that musical number by the cast of Carousel blew you away! #TonyAwards https://t.co/CMzMNtcAQO,0.151,0.102,0.0,0.898,69
168,CBS,Mon Jun 11 01:08:24 +0000 2018,Nathan Lane saw his #AngelsinAmerica role as a challenge. How will you challenge yourself in 2018? #TonyAwards https://t.co/3WXd6AqgBi,0.153,0.148,0.0,0.852,70
169,CBS,Mon Jun 11 01:02:47 +0000 2018,Nathan Lane wins Best Featured Actor in a Play. #TonyAwards @angelsbway https://t.co/xc8M7JtLDE,0.883,0.563,0.0,0.437,71
170,CBS,Mon Jun 11 00:58:06 +0000 2018,üåü¬†@joshgroban and @SaraBareilles are Host Goals. üåü #TonyAwards https://t.co/OGQec8cXJ6,0.0,0.0,0.0,1.0,72
171,CBS,Mon Jun 11 00:52:34 +0000 2018,RT @adub369: This is unbelievable! @SaraBareilles and @joshgroban #TonyAwards,0.271,0.207,0.0,0.793,73
172,CBS,Mon Jun 11 00:51:11 +0000 2018,Who lives in a pineapple and just performed at The Tonys? üççüé∂ The cast of SpongeBob SquarePants: The Musical!‚Ä¶ https://t.co/mvFxdh9UJi,0.0,0.0,0.0,1.0,74
173,CBS,Mon Jun 11 00:50:18 +0000 2018,‚ú® @LindsayMendez wins Best Featured Actress in a Musical! #TonyAwards @carouselbway https://t.co/MtgFowscN5,0.848,0.506,0.0,0.494,75
174,CBS,Mon Jun 11 00:45:14 +0000 2018,A big congratulations to @springsteen for his Special Tony award! ‚ú®¬†#TonyAwards https://t.co/i16u8uv9aT,0.886,0.565,0.0,0.435,76
175,CBS,Mon Jun 11 00:44:36 +0000 2018,Can the 73rd annual #TonyAwards just be three-hours of @TitussBurgess? https://t.co/3rCZwwTUtv,0.0,0.0,0.0,1.0,77
176,CBS,Mon Jun 11 00:35:41 +0000 2018,"RT @CBSThisMorning: ""We know there are a lot of you out there who have photos of yourself in school plays or community theater."" Post your‚Ä¶",0.25,0.08,0.0,0.92,78
177,CBS,Mon Jun 11 00:34:45 +0000 2018,Keep your acceptance speeches short or else the #TonyAwards will get the angels involved. #AngelsInAmerica üëº https://t.co/oznhezRzDc,0.459,0.167,0.0,0.833,79
178,CBS,Mon Jun 11 00:31:28 +0000 2018,"If you haven't started singing, you will be the rest of the night. #TonyAwards #MyFairLady https://t.co/jbGXwnru8N",0.0,0.0,0.0,1.0,80
179,CBS,Mon Jun 11 00:27:42 +0000 2018,RT @marialena_rago: I like this opener for @MyFairLadyBway #TonyAwards,0.361,0.263,0.0,0.737,81
180,CBS,Mon Jun 11 00:27:00 +0000 2018,Laurie Metcalf wins Best Featured Actress in a Play! #TonyAwards @threetallwomen https://t.co/y4teyJaRPs,0.891,0.57,0.0,0.43,82
181,CBS,Mon Jun 11 00:24:31 +0000 2018,Tina Fey has a boat?? #MeanGirls #TonyAwards https://t.co/phYxmHMd3d,0.0,0.0,0.0,1.0,83
182,CBS,Mon Jun 11 00:22:15 +0000 2018,Representing the hardest-working men and women in Broadway‚Ä¶¬†ensemble members from every nominated musical tonight!‚Ä¶ https://t.co/imlEEnOUla,0.0,0.0,0.0,1.0,84
183,CBS,Mon Jun 11 00:22:15 +0000 2018,RT @misschae: I love theatre so much. #TonyAwards,0.637,0.412,0.0,0.588,85
184,CBS,Mon Jun 11 00:18:16 +0000 2018,On Wednesdays they wear pink and on Sundays they perform at the #TonyAwards. üíï Who thought that performance by the‚Ä¶ https://t.co/w7QDkaX6kF,0.0,0.0,0.0,1.0,86
185,CBS,Mon Jun 11 00:13:27 +0000 2018,"RT @MichaelJMoritz: ""We are all made perfectly and we all belong‚Äù - Andrew Garfield #TonyAwards",0.637,0.244,0.0,0.756,87
186,CBS,Mon Jun 11 00:12:31 +0000 2018,Andrew Garfield wins Best Leading Actor in a Play. #TonyAwards @angelsbway https://t.co/s2VQnw6IPP,0.883,0.563,0.0,0.437,88
187,CBS,Mon Jun 11 00:06:39 +0000 2018,"RT @nightingalen: Love this opening song! @joshgroban
@SaraBarreilles 
#TonyAwards",0.67,0.36,0.0,0.64,89
188,CBS,Mon Jun 11 00:04:15 +0000 2018,‚ú® @joshgroban and @SaraBareilles take the stage to begin an unforgettable evening. #TonyAwards https://t.co/y9uzlK2DzO,0.0,0.0,0.0,1.0,90
189,CBS,Sun Jun 10 23:59:00 +0000 2018,Grab your popcorn... it's time for the #TonyAwards! Go and stream the entire show now: https://t.co/Wo1algQHix https://t.co/JGYTk4NPDN,0.0,0.0,0.0,1.0,91
190,CBS,Sun Jun 10 23:18:15 +0000 2018,‚ú® @thegoodfight's Christine Baranski has arrived on the #TonyAwards red carpet! Watch LIVE at 8/7c on CBS! https://t.co/XnXAnPtRrc,0.0,0.0,0.0,1.0,92
191,CBS,Sun Jun 10 22:01:25 +0000 2018,"The hosts have arrived! We're LIVE with @SaraBareilles, @joshgroban and more on the #TonyAwards red carpet hosted b‚Ä¶ https://t.co/NtarbgywLe",0.0,0.0,0.0,1.0,93
192,CBS,Sun Jun 10 15:00:01 +0000 2018,Tonight's the night! Join @etnow's @DDirecto on the #TonyAwards' red carpet starting at 5PM ET! https://t.co/hZLOSiIRAT,0.418,0.157,0.0,0.843,94
193,CBS,Sat Jun 09 21:00:02 +0000 2018,These two know a thing or two about awards! Watch them light up the stage tomorrow at the #TonyAwards. ‚ú® https://t.co/KHVZp65oLS,0.509,0.155,0.0,0.845,95
194,CBS,Sat Jun 09 16:00:00 +0000 2018,Here's everything you need to know before watching the #TonyAwards this Sunday at 8/7c: https://t.co/jcRgNGmLUZ https://t.co/8suUhVPFK6,0.0,0.0,0.0,1.0,96
195,CBS,Fri Jun 08 19:46:17 +0000 2018,Join @etnow's @DDirecto this Sunday on the #TonyAwards' red carpet. https://t.co/7jS8g10KmY,0.296,0.18,0.0,0.82,97
196,CBS,Fri Jun 08 15:00:03 +0000 2018,Here's @laChanze with a reminder that you can stream the #TonyAwards this Sunday on CBS All Access! https://t.co/8TDEXzKmyQ,0.0,0.0,0.0,1.0,98
197,CBS,Fri Jun 08 13:58:15 +0000 2018,"We all get by with a little help from our friends, so what better way to celebrate #NationalBestFriendsDay than to‚Ä¶ https://t.co/pIZezbBwaT",0.908,0.436,0.0,0.564,99
198,CBS,Thu Jun 07 17:03:26 +0000 2018,"Get ready for show-stopping performances by the casts of the 2018 Tony-nominated shows Mean Girls, SpongeBob Square‚Ä¶ https://t.co/NiSx9Bbw0F",0.361,0.128,0.0,0.872,100
199,CBS,Wed Jun 06 21:00:24 +0000 2018,Don‚Äôt miss a special performance from @springsteen this Sunday at the #TonyAwards: https://t.co/LYYdleaFwU https://t.co/IKkKoITH9y,0.273,0.176,0.105,0.719,101
200,CNN,Fri Jun 22 20:45:04 +0000 2018,"China's ZTE, which the US government has accused of repeated sanctions violations, has paid a $1 billion fine, a Co‚Ä¶ https://t.co/rcixiJUHLS",-0.586,0.077,0.239,0.684,2
201,CNN,Fri Jun 22 20:33:04 +0000 2018,The Republican nominee for a US House seat in New Jersey has said diversity leads to Muslims killing Christians and‚Ä¶ https://t.co/hzuv4oNRrZ,-0.66,0.0,0.188,0.812,3
202,CNN,Fri Jun 22 20:23:00 +0000 2018,"Parents and children from Urban Academy, a charter school in Pittsburgh, Pennsylvania, held hands in silence on Fri‚Ä¶ https://t.co/v3Zcu1aqU4",0.0,0.0,0.0,1.0,4
203,CNN,Fri Jun 22 20:10:07 +0000 2018,The Trump administration said says it has reunified approximately 500 families separated at the border but the stat‚Ä¶ https://t.co/yAXsrQoRhR,0.0,0.0,0.0,1.0,5
204,CNN,Fri Jun 22 20:00:12 +0000 2018,Rep. Ted Lieu played the sounds of crying children from a detention facility on the House floor Friday afternoon. R‚Ä¶ https://t.co/XdtBO0Jf7o,-0.494,0.096,0.224,0.68,6
205,CNN,Fri Jun 22 19:59:51 +0000 2018,A far-right pundit appointed to a post at the Department of Health and Human Services listed on her resume past wor‚Ä¶ https://t.co/8EPOMwY5xQ,0.0,0.0,0.0,1.0,7
206,CNN,Fri Jun 22 19:51:04 +0000 2018,Rhode Island just became the latest state to try and fail to pass legislation that would put pressure on President‚Ä¶ https://t.co/8mQ3zMRKkN,-0.691,0.0,0.231,0.769,8
207,CNN,Fri Jun 22 19:40:09 +0000 2018,Orlando's airport is the first in the US to expand automated facial-recognition technology to all international tra‚Ä¶ https://t.co/BW4cjesTRg,0.318,0.119,0.0,0.881,9
208,CNN,Fri Jun 22 19:30:12 +0000 2018,Etsy sellers are confronting unknowns after a new Supreme Court ruling that upends how states handle online sales t‚Ä¶ https://t.co/H6sWAMAyPo,0.459,0.162,0.072,0.766,10
209,CNN,Fri Jun 22 19:21:06 +0000 2018,"The House passed the most expansive legislation Congress has taken to date to address the opioid crisis, approving‚Ä¶ https://t.co/TxcwByaMAV",-0.625,0.0,0.186,0.814,11
210,CNN,Fri Jun 22 19:11:07 +0000 2018,"The Republican mayor of America's largest border city slams Trump on Mexico: ""His rhetoric is not applicable to El‚Ä¶ https://t.co/pSEVh0jSEk",0.0,0.0,0.0,1.0,12
211,CNN,Fri Jun 22 19:01:08 +0000 2018,"Trump describes families of Americans killed by immigrants as ""permanently separated from their loved ones"" https://t.co/TCJIDNF34r",-0.153,0.174,0.201,0.625,13
212,CNN,Fri Jun 22 18:52:08 +0000 2018,T-shirt makers are riffing on Melania Trump's jacket and donating the proceeds to refugee services‚Ä¶ https://t.co/4SxFhuv0rz,0.0,0.0,0.0,1.0,14
213,CNN,Fri Jun 22 18:41:10 +0000 2018,Democrats demand answers on how immigrant parents will be reunited with children https://t.co/SQtN0sVymB https://t.co/s5XkXPUAAo,-0.128,0.0,0.103,0.897,15
214,CNN,Fri Jun 22 18:21:05 +0000 2018,"Rising wages are forcing fast-food chains to make a crucial decision: Raise menu prices and risk losing customers,‚Ä¶ https://t.co/scZDqQ6qpi",-0.572,0.0,0.227,0.773,16
215,CNN,Fri Jun 22 18:04:22 +0000 2018,"Americans born into poverty are more likely than ever before to stay that way under the Trump administration, accor‚Ä¶ https://t.co/SBeyHkuUbk",-0.511,0.0,0.148,0.852,17
216,CNN,Fri Jun 22 17:53:17 +0000 2018,"Actor Dean Cain, who played Superman in ""Lois &amp; Clark: The New Adventures of Superman,"" was just sworn in as a rese‚Ä¶ https://t.co/F1qLR9VB21",0.586,0.194,0.0,0.806,18
217,CNN,Fri Jun 22 17:43:05 +0000 2018,Here's how Chipotle is making a comeback https://t.co/G8ELWNTsA7 https://t.co/Fa61nNvtCJ,0.0,0.0,0.0,1.0,19
218,CNN,Fri Jun 22 17:33:55 +0000 2018,"How soybeans -- yes, soybeans -- could impact the midterm elections https://t.co/x1n0mzZAK3 https://t.co/WlMxjuxTsv",0.402,0.184,0.0,0.816,20
219,CNN,Fri Jun 22 17:20:00 +0000 2018,NASA has a new plan to stop asteroids and help scientists detect near-Earth objects they haven't been able to find‚Ä¶ https://t.co/M7KR9lndtU,0.128,0.118,0.096,0.786,21
220,CNN,Fri Jun 22 20:45:04 +0000 2018,"China's ZTE, which the US government has accused of repeated sanctions violations, has paid a $1 billion fine, a Co‚Ä¶ https://t.co/rcixiJUHLS",-0.586,0.077,0.239,0.684,22
221,CNN,Fri Jun 22 20:33:04 +0000 2018,The Republican nominee for a US House seat in New Jersey has said diversity leads to Muslims killing Christians and‚Ä¶ https://t.co/hzuv4oNRrZ,-0.66,0.0,0.188,0.812,23
222,CNN,Fri Jun 22 20:23:00 +0000 2018,"Parents and children from Urban Academy, a charter school in Pittsburgh, Pennsylvania, held hands in silence on Fri‚Ä¶ https://t.co/v3Zcu1aqU4",0.0,0.0,0.0,1.0,24
223,CNN,Fri Jun 22 20:10:07 +0000 2018,The Trump administration said says it has reunified approximately 500 families separated at the border but the stat‚Ä¶ https://t.co/yAXsrQoRhR,0.0,0.0,0.0,1.0,25
224,CNN,Fri Jun 22 20:00:12 +0000 2018,Rep. Ted Lieu played the sounds of crying children from a detention facility on the House floor Friday afternoon. R‚Ä¶ https://t.co/XdtBO0Jf7o,-0.494,0.096,0.224,0.68,26
225,CNN,Fri Jun 22 19:59:51 +0000 2018,A far-right pundit appointed to a post at the Department of Health and Human Services listed on her resume past wor‚Ä¶ https://t.co/8EPOMwY5xQ,0.0,0.0,0.0,1.0,27
226,CNN,Fri Jun 22 19:51:04 +0000 2018,Rhode Island just became the latest state to try and fail to pass legislation that would put pressure on President‚Ä¶ https://t.co/8mQ3zMRKkN,-0.691,0.0,0.231,0.769,28
227,CNN,Fri Jun 22 19:40:09 +0000 2018,Orlando's airport is the first in the US to expand automated facial-recognition technology to all international tra‚Ä¶ https://t.co/BW4cjesTRg,0.318,0.119,0.0,0.881,29
228,CNN,Fri Jun 22 19:30:12 +0000 2018,Etsy sellers are confronting unknowns after a new Supreme Court ruling that upends how states handle online sales t‚Ä¶ https://t.co/H6sWAMAyPo,0.459,0.162,0.072,0.766,30
229,CNN,Fri Jun 22 19:21:06 +0000 2018,"The House passed the most expansive legislation Congress has taken to date to address the opioid crisis, approving‚Ä¶ https://t.co/TxcwByaMAV",-0.625,0.0,0.186,0.814,31
230,CNN,Fri Jun 22 19:11:07 +0000 2018,"The Republican mayor of America's largest border city slams Trump on Mexico: ""His rhetoric is not applicable to El‚Ä¶ https://t.co/pSEVh0jSEk",0.0,0.0,0.0,1.0,32
231,CNN,Fri Jun 22 19:01:08 +0000 2018,"Trump describes families of Americans killed by immigrants as ""permanently separated from their loved ones"" https://t.co/TCJIDNF34r",-0.153,0.174,0.201,0.625,33
232,CNN,Fri Jun 22 18:52:08 +0000 2018,T-shirt makers are riffing on Melania Trump's jacket and donating the proceeds to refugee services‚Ä¶ https://t.co/4SxFhuv0rz,0.0,0.0,0.0,1.0,34
233,CNN,Fri Jun 22 18:41:10 +0000 2018,Democrats demand answers on how immigrant parents will be reunited with children https://t.co/SQtN0sVymB https://t.co/s5XkXPUAAo,-0.128,0.0,0.103,0.897,35
234,CNN,Fri Jun 22 18:21:05 +0000 2018,"Rising wages are forcing fast-food chains to make a crucial decision: Raise menu prices and risk losing customers,‚Ä¶ https://t.co/scZDqQ6qpi",-0.572,0.0,0.227,0.773,36
235,CNN,Fri Jun 22 18:04:22 +0000 2018,"Americans born into poverty are more likely than ever before to stay that way under the Trump administration, accor‚Ä¶ https://t.co/SBeyHkuUbk",-0.511,0.0,0.148,0.852,37
236,CNN,Fri Jun 22 17:53:17 +0000 2018,"Actor Dean Cain, who played Superman in ""Lois &amp; Clark: The New Adventures of Superman,"" was just sworn in as a rese‚Ä¶ https://t.co/F1qLR9VB21",0.586,0.194,0.0,0.806,38
237,CNN,Fri Jun 22 17:43:05 +0000 2018,Here's how Chipotle is making a comeback https://t.co/G8ELWNTsA7 https://t.co/Fa61nNvtCJ,0.0,0.0,0.0,1.0,39
238,CNN,Fri Jun 22 17:33:55 +0000 2018,"How soybeans -- yes, soybeans -- could impact the midterm elections https://t.co/x1n0mzZAK3 https://t.co/WlMxjuxTsv",0.402,0.184,0.0,0.816,40
239,CNN,Fri Jun 22 17:20:00 +0000 2018,NASA has a new plan to stop asteroids and help scientists detect near-Earth objects they haven't been able to find‚Ä¶ https://t.co/M7KR9lndtU,0.128,0.118,0.096,0.786,41
240,CNN,Fri Jun 22 17:10:00 +0000 2018,Host nation Russia scored five goals against Saudi Arabia and another three against Egypt at this year‚Äôs #WorldCup‚Ä¶ https://t.co/mpC1WnWo1Q,0.0,0.0,0.0,1.0,42
241,CNN,Fri Jun 22 17:02:20 +0000 2018,GM is bringing back the Chevy Blazer ‚Äî an SUV classic ‚Äî for the first time since 2005 https://t.co/8c76T7UoS8 https://t.co/OfZ2HFmbmp,0.0,0.0,0.0,1.0,43
242,CNN,Fri Jun 22 16:57:05 +0000 2018,"Democratic Sen. Jeff Merkley is ""exploring the possibility"" of throwing his hat in the ring in the 2020 presidentia‚Ä¶ https://t.co/npUzxsWjHa",0.0,0.0,0.0,1.0,44
243,CNN,Fri Jun 22 16:46:55 +0000 2018,"The US government might send up to 20,000 undocumented immigrant children to housing on US military bases, two defe‚Ä¶ https://t.co/MOolweHAxf",0.0,0.0,0.0,1.0,45
244,CNN,Fri Jun 22 16:34:59 +0000 2018,The follow up to one of the biggest movies of all-time is roaring onto movie screens. Here's a preview of 'Jurassic‚Ä¶ https://t.co/jI7p2ESbdH,0.0,0.0,0.0,1.0,46
245,CNN,Fri Jun 22 16:20:07 +0000 2018,"An immigrant detained at a federal prison in California has been diagnosed with chickenpox, raising concerns among‚Ä¶ https://t.co/8AwRWCKrFm",-0.718,0.0,0.286,0.714,47
246,CNN,Fri Jun 22 16:10:03 +0000 2018,"On Sunday, Saudi Arabia will end the world's only ban on women drivers. Here's what you need to know:‚Ä¶ https://t.co/q1BO68oNrJ",-0.557,0.0,0.159,0.841,48
247,CNN,Fri Jun 22 16:00:09 +0000 2018,There's nearly a Nixon 1974 level of public support for impeaching President Trump | Analysis by @zbyronwolf¬†‚Ä¶ https://t.co/Xx8EUumfrA,0.402,0.153,0.0,0.847,49
248,CNN,Fri Jun 22 15:50:07 +0000 2018,Not long after President Trump signed an executive order to stop separating children from parents illegally crossin‚Ä¶ https://t.co/TkHcAQCqm3,-0.296,0.0,0.115,0.885,50
249,CNN,Fri Jun 22 15:40:07 +0000 2018,"Americans born into poverty are more likely than ever before to stay that way under the Trump administration, accor‚Ä¶ https://t.co/qbgYU9BidF",-0.511,0.0,0.148,0.852,51
250,CNN,Fri Jun 22 15:30:09 +0000 2018,Most Americans believe the Russian effort to influence the 2016 presidential election is a serious matter that shou‚Ä¶ https://t.co/4aNmOmKQUL,-0.052,0.06,0.071,0.87,52
251,CNN,Fri Jun 22 15:20:10 +0000 2018,"About 56% of US youth have their own social media accounts, according to a report by nonprofit organization Common‚Ä¶ https://t.co/Ypt5HsH8ZJ",0.0,0.0,0.0,1.0,53
252,CNN,Fri Jun 22 15:10:05 +0000 2018,A Japanese employee has been docked half a day's pay for repeatedly leaving his desk a few minutes early to eat lun‚Ä¶ https://t.co/GWJmheSOUR,-0.103,0.0,0.069,0.931,54
253,CNN,Fri Jun 22 15:00:12 +0000 2018,"How to be an ally to your LGBT friends, relatives and co-workers https://t.co/t2E8t6Vb5u https://t.co/T61eYkDhVU",0.477,0.193,0.0,0.807,55
254,CNN,Fri Jun 22 14:52:00 +0000 2018,Host nation Russia scored five goals against Saudi Arabia and another three against Egypt at this year‚Äôs #WorldCup.‚Ä¶ https://t.co/KLY1oR5sGn,0.0,0.0,0.0,1.0,56
255,CNN,Fri Jun 22 14:38:56 +0000 2018,JUST IN: Supreme Court rules that the government generally needs a warrant if it wants to track an individual‚Äôs loc‚Ä¶ https://t.co/0yfBc7q0SS,0.557,0.159,0.0,0.841,57
256,CNN,Fri Jun 22 14:30:09 +0000 2018,Here's why you should probably skip out on an activated charcoal 'detox' https://t.co/G6A03m5dzq https://t.co/IInjfLv29Y,0.0,0.0,0.0,1.0,58
257,CNN,Fri Jun 22 14:20:06 +0000 2018,"First, it was a small bump under her left eye. Five days later, it appeared above the eye. Her upper lip was bulgin‚Ä¶ https://t.co/pquLaOMzDU",0.0,0.0,0.0,1.0,59
258,CNN,Fri Jun 22 14:16:57 +0000 2018,"RT @CNNnewsroom: Republican Mayor of El Paso, Texas, reacts to Trump's tweet on 'phony' grief over family separations: ""It's not what we're‚Ä¶",-0.494,0.0,0.132,0.868,60
259,CNN,Fri Jun 22 14:10:03 +0000 2018,"Sen. Marco Rubio says President Trump's ""zero-tolerance"" immigration policy is in line with what Trump campaigned f‚Ä¶ https://t.co/MLfO8X10V5",0.0,0.0,0.0,1.0,61
260,CNN,Fri Jun 22 14:00:09 +0000 2018,Tariffs on more than $3 billion worth of American exports to Europe took effect today https://t.co/utMNvvHrwI https://t.co/ji2rm84etm,0.226,0.106,0.0,0.894,62
261,CNN,Fri Jun 22 13:50:59 +0000 2018,How President Trump killed the immigration bill with 1 tweet | Analysis by @CillizzaCNN https://t.co/ZD0k6qE1U8 https://t.co/MyS53A8E5u,-0.67,0.0,0.257,0.743,63
262,CNN,Fri Jun 22 13:28:34 +0000 2018,"Americans born into poverty are more likely than ever before to stay that way under the Trump administration, accor‚Ä¶ https://t.co/Jy9nkQT6S5",-0.511,0.0,0.148,0.852,64
263,CNN,Fri Jun 22 13:12:00 +0000 2018,"More than a month apart after being separated at the border, this Guatemalan mother got her 7-year-old son back jus‚Ä¶ https://t.co/Czmpi4ahoO",0.0,0.0,0.0,1.0,65
264,CNN,Fri Jun 22 13:04:41 +0000 2018,"President Trump endorses Rep. Martha Roby, an Alabama congresswoman who in 2016 rescinded her endorsement of the th‚Ä¶ https://t.co/vv3lGCTx6o",0.572,0.217,0.0,0.783,66
265,CNN,Fri Jun 22 13:02:59 +0000 2018,"ABC will air a Conner family sitcom without star Roseanne Barr, the network has announced. ""The Conners"" is the wor‚Ä¶ https://t.co/omDk8IRYbL",0.0,0.0,0.0,1.0,67
266,CNN,Fri Jun 22 12:35:28 +0000 2018,"President Trump says the GOP should ""stop wasting their time on Immigration"" until after the midterms‚Ä¶ https://t.co/BjIggceDhQ",-0.599,0.0,0.246,0.754,68
267,CNN,Fri Jun 22 12:20:11 +0000 2018,"How soybeans -- yes, soybeans -- could impact the midterm elections https://t.co/4AsGvxrQox https://t.co/U3k43MqWGW",0.402,0.184,0.0,0.816,69
268,CNN,Fri Jun 22 12:14:24 +0000 2018,Every single person in charge of law and order in this Georgia town is a black woman https://t.co/Gx8V8u472h https://t.co/wVJ8a75u2W,0.0,0.0,0.0,1.0,70
269,CNN,Fri Jun 22 12:06:23 +0000 2018,A Japanese employee has been docked half a day's pay for repeatedly leaving his desk a few minutes early to eat lun‚Ä¶ https://t.co/t7lPcGylph,-0.103,0.0,0.069,0.931,71
270,CNN,Fri Jun 22 11:43:53 +0000 2018,NASA has a new plan to stop asteroids and help scientists detect near-Earth objects they haven't been able to find‚Ä¶ https://t.co/yKuI8jmjgP,0.128,0.118,0.096,0.786,72
271,CNN,Fri Jun 22 11:30:11 +0000 2018,There's nearly a Nixon 1974 level of public support for impeaching President Trump | Analysis by @zbyronwolf¬†‚Ä¶ https://t.co/i1rhHzAjw3,0.402,0.153,0.0,0.847,73
272,CNN,Fri Jun 22 11:20:10 +0000 2018,"5 things for Friday:

- Immigration
- Internet sales taxes
- Europe's migrant crisis
- Turpin family
- Charles Krau‚Ä¶ https://t.co/uMyvbYiZRa",-0.625,0.0,0.227,0.773,74
273,CNN,Fri Jun 22 11:10:07 +0000 2018,"The US wants to leave this American in Syria with $4,210 and no passport https://t.co/Za4rWAAwQu https://t.co/1J7ZsnHHLB",-0.34,0.0,0.195,0.805,75
274,CNN,Fri Jun 22 11:00:05 +0000 2018,"On Sunday, Saudi Arabia will end the world's only ban on women drivers. Here's what you need to know:‚Ä¶ https://t.co/kSOnRwsT2z",-0.557,0.0,0.159,0.841,76
275,CNN,Fri Jun 22 10:47:56 +0000 2018,"Distraught parents are searching for their children separated from them weeks ago, some as young as 9 months old. S‚Ä¶ https://t.co/bS1Wi6Uaqt",-0.557,0.0,0.159,0.841,77
276,CNN,Fri Jun 22 10:47:23 +0000 2018,Not long after President Trump signed an executive order to stop separating children from parents illegally crossin‚Ä¶ https://t.co/5GztxFJMTT,-0.296,0.0,0.115,0.885,78
277,CNN,Fri Jun 22 10:41:57 +0000 2018,More than 30 children became sick at a Florida summer camp about 100 miles southeast of Tampa https://t.co/DZSEhtf6Y2,-0.511,0.0,0.171,0.829,79
278,CNN,Fri Jun 22 10:33:04 +0000 2018,The Trump administration has slammed the UN report arguing the organization should instead focus on poverty in the‚Ä¶ https://t.co/h5BvbFd5kg,-0.743,0.0,0.27,0.73,80
279,CNN,Fri Jun 22 10:32:41 +0000 2018,"Americans born into poverty are more likely than ever before to stay that way under the Trump administration, accor‚Ä¶ https://t.co/rGaK53c2w0",-0.511,0.0,0.148,0.852,81
280,CNN,Fri Jun 22 10:22:05 +0000 2018,"Chinese lasers suspected to have been used to target US aerial operations in the Pacific, with 20 incidents recorde‚Ä¶ https://t.co/e5Yzikb8L5",-0.226,0.0,0.091,0.909,82
281,CNN,Fri Jun 22 10:22:03 +0000 2018,Most Americans believe the Russian effort to influence the 2016 presidential election is a serious matter that shou‚Ä¶ https://t.co/yReUZP6oiu,-0.052,0.06,0.071,0.87,83
282,CNN,Fri Jun 22 10:16:05 +0000 2018,"About 56% of US youth have their own social media accounts, according to a report by nonprofit organization Common‚Ä¶ https://t.co/k0zNIjlcUV",0.0,0.0,0.0,1.0,84
283,CNN,Fri Jun 22 10:06:06 +0000 2018,"America's poor becoming more destitute under Trump, UN report says https://t.co/y006zAaF2R https://t.co/EYDL1f0HnQ",-0.477,0.0,0.22,0.78,85
284,CNN,Fri Jun 22 09:59:00 +0000 2018,Here's how NASA plans to stop asteroids from hitting Earth: https://t.co/yjybZdA07r https://t.co/cGybrb6cVZ,-0.296,0.0,0.167,0.833,86
285,CNN,Fri Jun 22 09:38:03 +0000 2018,"On Sunday, Saudi Arabia will end the world's only ban on women drivers. Here's what you need to know:‚Ä¶ https://t.co/D18DHVJnVx",-0.557,0.0,0.159,0.841,87
286,CNN,Fri Jun 22 09:34:17 +0000 2018,"""7 minutes of hail in Northeast Fort Collins."" Watch as hailstorms pound parts of Colorado in the US https://t.co/AQVgZGxFB7",0.077,0.067,0.0,0.933,88
287,CNN,Fri Jun 22 09:15:42 +0000 2018,"Melania, that jacket! | By CNN's Carol Costello via @CNNOpinion https://t.co/WnUxLcXYUz https://t.co/jXFuunRjh2",0.0,0.0,0.0,1.0,89
288,CNN,Fri Jun 22 08:57:03 +0000 2018,"""It's like they're putting a knife in your chest and killing you.""

A Guatemalan immigrant reunited with her son ea‚Ä¶ https://t.co/c46k2sbSJr",-0.44,0.105,0.184,0.711,90
289,CNN,Fri Jun 22 08:46:04 +0000 2018,"""I need some different activities away from football to help me switch off."" Meet the Swiss goalkeeper whose hobbie‚Ä¶ https://t.co/S0UWZy9vQG",0.402,0.124,0.0,0.876,91
290,CNN,Fri Jun 22 08:41:04 +0000 2018,The US Navy's newest aircraft carrier is regarded as the world's most-advanced warship -- but for how much longer? https://t.co/YOuCvVIbVV,-0.09,0.0,0.066,0.934,92
291,CNN,Fri Jun 22 08:10:27 +0000 2018,"I was not in a cage, but was scarred for life | By Ariel Dorfman via @CNNOpinion https://t.co/iWU9QgMAcx",0.0,0.0,0.0,1.0,93
292,CNN,Fri Jun 22 07:50:06 +0000 2018,An extremist Indonesian cleric was found guilty of inciting terrorism and sentenced to death by a Jakarta court on‚Ä¶ https://t.co/Ihh8uN1Vv9,-0.908,0.0,0.453,0.547,94
293,CNN,Fri Jun 22 07:41:07 +0000 2018,"RT @CNNTonight: CNN Senior Political Commentator David Axelrod says the Trump administration ""created a human rights crisis on the border.""‚Ä¶",-0.477,0.087,0.177,0.736,95
294,CNN,Fri Jun 22 07:39:32 +0000 2018,"The family separation controversy is a ‚Äúcrisis entirely of the President‚Äôs own making,‚Äù says @DonLemon. It is a ‚Äúpo‚Ä¶ https://t.co/41lH78uy8Q",0.0,0.0,0.0,1.0,96
295,CNN,Fri Jun 22 07:09:50 +0000 2018,A Japanese employee has been docked half a day's pay for repeatedly leaving his desk a few minutes early to eat lun‚Ä¶ https://t.co/simz0nUH7B,-0.103,0.0,0.069,0.931,97
296,CNN,Fri Jun 22 06:55:03 +0000 2018,Airbus: 'Catastrophic' Brexit would threaten our future in the UK https://t.co/lxCl3kT1sD https://t.co/8lIQWBgLTu,-0.382,0.0,0.191,0.809,98
297,CNN,Fri Jun 22 06:39:05 +0000 2018,"""These tragic deaths are a reminder that wars and poverty continue to drive people to take desperate journeys that‚Ä¶ https://t.co/SnsJMlhTk3",-0.904,0.0,0.449,0.551,99
298,CNN,Fri Jun 22 06:31:06 +0000 2018,"Koko, the gorilla who mastered sign language, died in her sleep at age 46, The Gorilla Foundation says. She was sai‚Ä¶ https://t.co/Oc4lvCza2l",-0.557,0.0,0.146,0.854,100
299,CNN,Fri Jun 22 06:16:00 +0000 2018,"As car companies ramp up their plans for electric vehicles, the supply of lithium has come into the spotlight‚Ä¶ https://t.co/ezEbin632u",0.0,0.0,0.0,1.0,101
300,FoxNews,Fri Jun 22 20:45:00 +0000 2018,Missouri mom charged over 9-year-old boy's poor school attendance. https://t.co/x6mUiHtoMp,-0.599,0.0,0.38,0.62,2
301,FoxNews,Fri Jun 22 20:38:15 +0000 2018,"'[They] will only see Italy on a postcard'

Italy refuses rescue ship carrying 224 migrants to dock. https://t.co/zqlkiiLZ4L",0.511,0.171,0.0,0.829,3
302,FoxNews,Fri Jun 22 20:35:31 +0000 2018,Portland restaurant using receipts to send message about immigrants. https://t.co/wkNhq3Ih24,0.0,0.0,0.0,1.0,4
303,FoxNews,Fri Jun 22 20:14:45 +0000 2018,Father of Child Killed By Illegal Immigrant: My Daughter was the Real 'Dreamer' https://t.co/rhL5oslmBD,-0.844,0.0,0.403,0.597,5
304,FoxNews,Fri Jun 22 20:06:44 +0000 2018,There are new European Union tariffs against U.S. products. @hillary__vaughn has the details. @ShepNewsTeam‚Ä¶ https://t.co/R0N07w6660,0.0,0.0,0.0,1.0,6
305,FoxNews,Fri Jun 22 20:04:36 +0000 2018,"Bourbon storage facility collapses in Kentucky, sending barrels crashing to ground. https://t.co/PtwQwyJEud",-0.296,0.0,0.167,0.833,7
306,FoxNews,Fri Jun 22 19:53:02 +0000 2018,Trump rips media for ignoring Angel Families 'permanently separated' by illegal immigrant crime - via‚Ä¶ https://t.co/gTmEC8a1pw,-0.869,0.0,0.45,0.55,8
307,FoxNews,Fri Jun 22 19:46:26 +0000 2018,Sen. @JohnCornyn and @SenTedCruz make remarks after touring immigrant detention facilities for children in Texas.‚Ä¶ https://t.co/WDiu87JMln,-0.361,0.0,0.143,0.857,9
308,FoxNews,Fri Jun 22 19:43:55 +0000 2018,Breastfeeding mom says Alabama restaurant owner covered baby's head with a dish rag. https://t.co/J6fe47Civg,0.0,0.0,0.0,1.0,10
309,FoxNews,Fri Jun 22 19:40:19 +0000 2018,"OPINION: Trump should rethink his stance on NAFTA -- It supports millions of US jobs, billions of dollars in export‚Ä¶ https://t.co/D3BVpA3doW",0.361,0.111,0.0,0.889,11
310,FoxNews,Fri Jun 22 19:28:42 +0000 2018,"Police officer fired after pulling over, detaining daughter and boyfriend.
https://t.co/lzplKPwTNI",-0.557,0.0,0.265,0.735,12
311,FoxNews,Fri Jun 22 19:22:15 +0000 2018,.@POTUS: ‚ÄúOur first duty and our highest loyalty is to the citizens of the United States. We want safety in our cou‚Ä¶ https://t.co/i7hAcUAIbd,0.856,0.354,0.0,0.646,13
312,FoxNews,Fri Jun 22 19:13:23 +0000 2018,"U.S. Senator Kamala Harris makes remarks after touring an ICE detention facility just north of the Mexico border.
 https://t.co/iscU47e1Z7",-0.361,0.0,0.122,0.878,14
313,FoxNews,Fri Jun 22 19:06:07 +0000 2018,"Angel Mom Mary Ann Mendoza: ""There are hundreds of thousands of victims every year who are affected by illegal alie‚Ä¶ https://t.co/vkTEL2iYwp",-0.758,0.0,0.294,0.706,15
314,FoxNews,Fri Jun 22 19:06:02 +0000 2018,"Steve Ronnebeck, father of murder victim: ""63,000 Americans since 9/11 have been killed by illegal aliens."" https://t.co/bUQCP5mlzL",-0.942,0.0,0.534,0.466,16
315,FoxNews,Fri Jun 22 18:58:09 +0000 2018,"Angel Mom Laura Wilkerson: ""We weren't lucky enough to be separated for five days or ten days. We're separated perm‚Ä¶ https://t.co/LijgrNvANS",-0.325,0.0,0.104,0.896,17
316,FoxNews,Fri Jun 22 18:53:42 +0000 2018,".@POTUS: ""In 2016, more than 15,000 Americans died from a heroin overdose. More than 90% of the heroin comes from a‚Ä¶ https://t.co/KMy8LvE1HU",-0.875,0.0,0.357,0.643,18
317,FoxNews,Fri Jun 22 18:49:59 +0000 2018,".@POTUS: ""We're gathered today to hear directly from the American victims of illegal immigration. You know, you hea‚Ä¶ https://t.co/pgr40MGarB",-0.71,0.0,0.258,0.742,19
318,FoxNews,Fri Jun 22 18:47:26 +0000 2018,".@POTUS: ""In Texas alone within the last 7 years, more than a quarter of a million criminal aliens have been arrest‚Ä¶ https://t.co/Z14ysmw9MH",-0.66,0.0,0.241,0.759,20
319,FoxNews,Fri Jun 22 18:45:39 +0000 2018,".@POTUS: ""I also want to thank the incredible ICE officers, border patrol agents, and law enforcement officials who‚Ä¶ https://t.co/TERH1J3UP7",0.422,0.183,0.0,0.817,21
320,FoxNews,Fri Jun 22 20:45:00 +0000 2018,Missouri mom charged over 9-year-old boy's poor school attendance. https://t.co/x6mUiHtoMp,-0.599,0.0,0.38,0.62,22
321,FoxNews,Fri Jun 22 20:38:15 +0000 2018,"'[They] will only see Italy on a postcard'

Italy refuses rescue ship carrying 224 migrants to dock. https://t.co/zqlkiiLZ4L",0.511,0.171,0.0,0.829,23
322,FoxNews,Fri Jun 22 20:35:31 +0000 2018,Portland restaurant using receipts to send message about immigrants. https://t.co/wkNhq3Ih24,0.0,0.0,0.0,1.0,24
323,FoxNews,Fri Jun 22 20:14:45 +0000 2018,Father of Child Killed By Illegal Immigrant: My Daughter was the Real 'Dreamer' https://t.co/rhL5oslmBD,-0.844,0.0,0.403,0.597,25
324,FoxNews,Fri Jun 22 20:06:44 +0000 2018,There are new European Union tariffs against U.S. products. @hillary__vaughn has the details. @ShepNewsTeam‚Ä¶ https://t.co/R0N07w6660,0.0,0.0,0.0,1.0,26
325,FoxNews,Fri Jun 22 20:04:36 +0000 2018,"Bourbon storage facility collapses in Kentucky, sending barrels crashing to ground. https://t.co/PtwQwyJEud",-0.296,0.0,0.167,0.833,27
326,FoxNews,Fri Jun 22 19:53:02 +0000 2018,Trump rips media for ignoring Angel Families 'permanently separated' by illegal immigrant crime - via‚Ä¶ https://t.co/gTmEC8a1pw,-0.869,0.0,0.45,0.55,28
327,FoxNews,Fri Jun 22 19:46:26 +0000 2018,Sen. @JohnCornyn and @SenTedCruz make remarks after touring immigrant detention facilities for children in Texas.‚Ä¶ https://t.co/WDiu87JMln,-0.361,0.0,0.143,0.857,29
328,FoxNews,Fri Jun 22 19:43:55 +0000 2018,Breastfeeding mom says Alabama restaurant owner covered baby's head with a dish rag. https://t.co/J6fe47Civg,0.0,0.0,0.0,1.0,30
329,FoxNews,Fri Jun 22 19:40:19 +0000 2018,"OPINION: Trump should rethink his stance on NAFTA -- It supports millions of US jobs, billions of dollars in export‚Ä¶ https://t.co/D3BVpA3doW",0.361,0.111,0.0,0.889,31
330,FoxNews,Fri Jun 22 19:28:42 +0000 2018,"Police officer fired after pulling over, detaining daughter and boyfriend.
https://t.co/lzplKPwTNI",-0.557,0.0,0.265,0.735,32
331,FoxNews,Fri Jun 22 19:22:15 +0000 2018,.@POTUS: ‚ÄúOur first duty and our highest loyalty is to the citizens of the United States. We want safety in our cou‚Ä¶ https://t.co/i7hAcUAIbd,0.856,0.354,0.0,0.646,33
332,FoxNews,Fri Jun 22 19:13:23 +0000 2018,"U.S. Senator Kamala Harris makes remarks after touring an ICE detention facility just north of the Mexico border.
 https://t.co/iscU47e1Z7",-0.361,0.0,0.122,0.878,34
333,FoxNews,Fri Jun 22 19:06:07 +0000 2018,"Angel Mom Mary Ann Mendoza: ""There are hundreds of thousands of victims every year who are affected by illegal alie‚Ä¶ https://t.co/vkTEL2iYwp",-0.758,0.0,0.294,0.706,35
334,FoxNews,Fri Jun 22 19:06:02 +0000 2018,"Steve Ronnebeck, father of murder victim: ""63,000 Americans since 9/11 have been killed by illegal aliens."" https://t.co/bUQCP5mlzL",-0.942,0.0,0.534,0.466,36
335,FoxNews,Fri Jun 22 18:58:09 +0000 2018,"Angel Mom Laura Wilkerson: ""We weren't lucky enough to be separated for five days or ten days. We're separated perm‚Ä¶ https://t.co/LijgrNvANS",-0.325,0.0,0.104,0.896,37
336,FoxNews,Fri Jun 22 18:53:42 +0000 2018,".@POTUS: ""In 2016, more than 15,000 Americans died from a heroin overdose. More than 90% of the heroin comes from a‚Ä¶ https://t.co/KMy8LvE1HU",-0.875,0.0,0.357,0.643,38
337,FoxNews,Fri Jun 22 18:49:59 +0000 2018,".@POTUS: ""We're gathered today to hear directly from the American victims of illegal immigration. You know, you hea‚Ä¶ https://t.co/pgr40MGarB",-0.71,0.0,0.258,0.742,39
338,FoxNews,Fri Jun 22 18:47:26 +0000 2018,".@POTUS: ""In Texas alone within the last 7 years, more than a quarter of a million criminal aliens have been arrest‚Ä¶ https://t.co/Z14ysmw9MH",-0.66,0.0,0.241,0.759,40
339,FoxNews,Fri Jun 22 18:45:39 +0000 2018,".@POTUS: ""I also want to thank the incredible ICE officers, border patrol agents, and law enforcement officials who‚Ä¶ https://t.co/TERH1J3UP7",0.422,0.183,0.0,0.817,41
340,FoxNews,Fri Jun 22 18:45:19 +0000 2018,".@POTUS: ""We've got to have a safe country."" https://t.co/q8yiYSS3kI",0.44,0.293,0.0,0.707,42
341,FoxNews,Fri Jun 22 18:44:14 +0000 2018,".@POTUS: ""I also want to stand and have the brave men and women from all over government agencies... We really appr‚Ä¶ https://t.co/eYmTtpPkMs",0.572,0.19,0.0,0.81,43
342,FoxNews,Fri Jun 22 18:41:37 +0000 2018,".@POTUS: ""These are special people... @VP Pence, thank you very much for joining us, Mike. I also want to recognize‚Ä¶ https://t.co/TIpGdvb2wt",0.67,0.277,0.0,0.723,44
343,FoxNews,Fri Jun 22 18:40:44 +0000 2018,.@POTUS delivers remarks on immigration with Angel Families https://t.co/GavzeVAhEi,0.0,0.0,0.0,1.0,45
344,FoxNews,Fri Jun 22 18:40:39 +0000 2018,Happening Now: @POTUS speaks on immigration. https://t.co/EHS6R5HLjC,0.0,0.0,0.0,1.0,46
345,FoxNews,Fri Jun 22 18:39:15 +0000 2018,"SOON: President @realDonaldTrump to speak on immigration - for full live coverage, tune in to Fox News Channel. https://t.co/EKxI11x5LF",0.0,0.0,0.0,1.0,47
346,FoxNews,Fri Jun 22 18:38:01 +0000 2018,.@marcorubio heckled at immigrant-child facility. https://t.co/zZCwvKewrr,0.0,0.0,0.0,1.0,48
347,FoxNews,Fri Jun 22 18:31:59 +0000 2018,Rhode Island bill could keep President @realDonaldTrump off 2020 ballot. https://t.co/yhtWGDWp5m https://t.co/eGakgxJ9Ow,0.0,0.0,0.0,1.0,49
348,FoxNews,Fri Jun 22 18:26:00 +0000 2018,".@AlanDersh: ""There's never been a more important time for our system of checks and balances to operate, whether it‚Ä¶ https://t.co/d8jdNCyupt",-0.204,0.0,0.091,0.909,50
349,FoxNews,Fri Jun 22 18:24:38 +0000 2018,"Teen, 17, shot dead by cop while fleeing traffic stop had empty handgun clip in his pocket https://t.co/bzMYLRKMY8",-0.807,0.0,0.356,0.644,51
350,FoxNews,Fri Jun 22 18:19:12 +0000 2018,"Fox News presents the moving story of Dr. Krauthammer‚Äôs life: ""Charles Krauthammer: His Words"" - tonight at 9p ET.‚Ä¶ https://t.co/B3MJ1Xe7vm",0.0,0.0,0.0,1.0,52
351,FoxNews,Fri Jun 22 18:16:42 +0000 2018,"Joe Jackson is on his deathbed, reports say https://t.co/8zgJXJ9XoU",0.0,0.0,0.0,1.0,53
352,FoxNews,Fri Jun 22 18:16:14 +0000 2018,Asia Argento reflects on Anthony Bourdain's death: 'Two weeks without you' https://t.co/IMxKKOu2Tf,-0.599,0.0,0.262,0.738,54
353,FoxNews,Fri Jun 22 18:07:54 +0000 2018,"MS-13 gang members, including 10 illegal immigrants, charged in deaths of Virginia teens https://t.co/SmF4ORO6Po",-0.66,0.0,0.31,0.69,55
354,FoxNews,Fri Jun 22 17:54:23 +0000 2018,WWII veteran who was POW awarded Purple Heart at age 94 #ProudAmerican https://t.co/jV9iQj0Ign,0.402,0.184,0.0,0.816,56
355,FoxNews,Fri Jun 22 17:49:04 +0000 2018,Texas police officer helps deliver baby girl in credit union parking lot https://t.co/qey04ZjIbo,0.637,0.321,0.0,0.679,57
356,FoxNews,Fri Jun 22 17:27:11 +0000 2018,"On Twitter, @SenSanders slammed President @realDonaldTrump, calling him a hypocrite who makes ""hateful and racist r‚Ä¶ https://t.co/6sjBAlNh8v",-0.802,0.0,0.34,0.66,58
357,FoxNews,Fri Jun 22 17:25:40 +0000 2018,"Rhode Island Passes Bill to Keep Trump Off 2020 Ballot If He Doesn't Release Tax Returns
https://t.co/bcQm39JpH9",0.0,0.0,0.0,1.0,59
358,FoxNews,Fri Jun 22 17:13:32 +0000 2018,".@RepJohnFaso: ""This approach fully funds the border security that we need. It ends the diversity lottery. It fixes‚Ä¶ https://t.co/1PGZXBtvf6",0.34,0.118,0.0,0.882,60
359,FoxNews,Fri Jun 22 17:08:46 +0000 2018,"DARING: A brave deputy was called to rescue a bear trapped inside a vehicle in Carnelian Bay, California. https://t.co/rNEWvn3ZLu",0.76,0.392,0.134,0.474,61
360,FoxNews,Fri Jun 22 16:53:37 +0000 2018,Obama cyber chief confirms 'stand down' order against Russian cyberattacks https://t.co/49CUI1XQaT,0.0,0.0,0.0,1.0,62
361,FoxNews,Fri Jun 22 16:47:25 +0000 2018,".@KennedyNation: ""The FBI and DOJ have such problems right now with perception."" #Outnumbered https://t.co/u6MTJeBxwT",-0.402,0.0,0.172,0.828,63
362,FoxNews,Fri Jun 22 16:46:36 +0000 2018,.@HouseDemocrats hold a news conference to mark the six month anniversary of the GOP tax law. https://t.co/nR21D9FYaH,0.0,0.0,0.0,1.0,64
363,FoxNews,Fri Jun 22 16:39:17 +0000 2018,Hungry rat found dead after eating its way through an ATM https://t.co/5bMCsnnmmT,-0.649,0.0,0.281,0.719,65
364,FoxNews,Fri Jun 22 16:24:59 +0000 2018,Do you agree with Sen. @KamalaHarris? https://t.co/yiGh4DtoCo,0.361,0.294,0.0,0.706,66
365,FoxNews,Fri Jun 22 16:23:31 +0000 2018,"Crying migrant girl on TIME magazine cover was not separated from mother, family says https://t.co/oMJcUTGePR",-0.477,0.0,0.181,0.819,67
366,FoxNews,Fri Jun 22 16:16:43 +0000 2018,"'A Decent Man Who Took the Higher Road': @JonahNRO, @stephenfhayes Remember Charles Krauthammer https://t.co/LEVAU7AtEa",0.0,0.0,0.0,1.0,68
367,FoxNews,Fri Jun 22 16:10:46 +0000 2018,"This morning, President @realDonaldTrump put the European Union and its automakers on notice with a threat to slap‚Ä¶ https://t.co/ToB6Y2TyLH",-0.527,0.0,0.167,0.833,69
368,FoxNews,Fri Jun 22 16:03:04 +0000 2018,"Moments ago, @VP Mike Pence celebrated the booming economy six months after the passing of tax reform. https://t.co/9yO5jeqfW0",0.572,0.179,0.0,0.821,70
369,FoxNews,Fri Jun 22 15:59:00 +0000 2018,".@BlakemanB: ""The Democratic response is always crying fire in a crowded theater."" https://t.co/YL9uofWT5u",-0.67,0.0,0.355,0.645,71
370,FoxNews,Fri Jun 22 15:53:00 +0000 2018,".@RepMcCaul: ""I would urge Sen. @JohnCornyn and @SenateMajLdr to wave that filibuster rule and make it a 51 vote."" https://t.co/LwGuKAP7dH",0.0,0.0,0.0,1.0,72
371,FoxNews,Fri Jun 22 15:46:00 +0000 2018,NEWS ALERT: Texas senators to visit immigrant children's shelters in South Texas. https://t.co/8O0hAcJ2zd,0.447,0.196,0.0,0.804,73
372,FoxNews,Fri Jun 22 15:37:38 +0000 2018,'There Won't Be Anyone Else Like Him': AB Stoddard Remembers Charles Krauthammer https://t.co/BYPaudvfsl https://t.co/x3hwwPFXuI,0.361,0.161,0.0,0.839,74
373,FoxNews,Fri Jun 22 15:29:12 +0000 2018,"Wife of freed NYC cop killer committed suicide just weeks after his release, coroner reveals https://t.co/OGbvRr2CSj",-0.718,0.188,0.344,0.469,75
374,FoxNews,Fri Jun 22 15:20:36 +0000 2018,Maldives resorts fed up with Instagram models requesting free stays https://t.co/6fomUHtcTe,0.511,0.248,0.0,0.752,76
375,FoxNews,Fri Jun 22 15:11:33 +0000 2018,.@BruceAshford: Chris Pratt uncorks some truth in a Hollywood culture of lies https://t.co/mbjOphMCCW,-0.128,0.152,0.185,0.662,77
376,FoxNews,Fri Jun 22 15:03:04 +0000 2018,"Yesterday, New York gubernatorial candidate and former ""Sex and the City‚Äù star @CynthiaNixon said she considers‚Ä¶ https://t.co/H633U9qHBr",0.0,0.0,0.0,1.0,78
377,FoxNews,Fri Jun 22 14:51:28 +0000 2018,US Marshals Seek PA Man Who Threatened to 'Put a Bullet' in Trump's Head https://t.co/q3r9lTZUoW,-0.459,0.0,0.188,0.812,79
378,FoxNews,Fri Jun 22 14:40:01 +0000 2018,BREAKING NEWS: Supreme Court rules 5-4 that police need warrant to obtain location information from cellphone tower‚Ä¶ https://t.co/MbkB8G1lML,0.557,0.175,0.0,0.825,80
379,FoxNews,Fri Jun 22 14:30:09 +0000 2018,"In a tweet-storm this morning, President @realDonaldTrump slammed Democrats on the issue of immigration, accusing t‚Ä¶ https://t.co/QzM0N7ewcF",-0.178,0.0,0.102,0.898,81
380,FoxNews,Fri Jun 22 14:21:10 +0000 2018,".@AlanDersh: ""There's never been a more important time for our system of checks and balances to operate, whether it‚Ä¶ https://t.co/sSThl9BsJP",-0.204,0.0,0.091,0.909,82
381,FoxNews,Fri Jun 22 14:14:59 +0000 2018,"This morning, President @realDonaldTrump called for more Republicans to be elected. https://t.co/CVlwus4JhW",0.0,0.0,0.0,1.0,83
382,FoxNews,Fri Jun 22 14:12:13 +0000 2018,"Crying migrant girl on TIME magazine cover was not separated from mother, family says https://t.co/oMJcUTGePR",-0.477,0.0,0.181,0.819,84
383,FoxNews,Fri Jun 22 13:39:21 +0000 2018,"Trump endorses Alabama Rep. Roby despite 2016 snub - via @brookefoxnews 
https://t.co/6ovjlx4Lgg",0.576,0.345,0.0,0.655,85
384,FoxNews,Fri Jun 22 13:25:41 +0000 2018,".@DanPatrick: ""It's time for statesmen. It's time for gentlemen in Congress. It's time for people to be bigger than‚Ä¶ https://t.co/Fz6YEIU3AY",0.0,0.0,0.0,1.0,86
385,FoxNews,Fri Jun 22 13:10:21 +0000 2018,"Fox News presents the moving story of Dr. Krauthammer‚Äôs life: ""Charles Krauthammer: His Words"" - tonight at 9p ET. https://t.co/1su5dmEi9z",0.0,0.0,0.0,1.0,87
386,FoxNews,Fri Jun 22 13:09:01 +0000 2018,'There Won't Be Anyone Else Like Him': AB Stoddard Remembers Charles Krauthammer https://t.co/vf8TneNCOs,0.361,0.172,0.0,0.828,88
387,FoxNews,Fri Jun 22 12:54:00 +0000 2018,Rhode Island bill could keep President @realDonaldTrump off 2020 ballot. https://t.co/lUndaGU6uz,0.0,0.0,0.0,1.0,89
388,FoxNews,Fri Jun 22 12:53:45 +0000 2018,Obama cyber chief confirms 'stand down' order against Russian cyberattacks https://t.co/49CUI1XQaT,0.0,0.0,0.0,1.0,90
389,FoxNews,Fri Jun 22 12:44:00 +0000 2018,".@DiamondandSilk: ""This is what we call a dis to the media, to all of these Hollywood elites that say the most sala‚Ä¶ https://t.co/Bj5rY06nrC",0.0,0.0,0.0,1.0,91
390,FoxNews,Fri Jun 22 12:38:49 +0000 2018,".@marklevinshow: ""Where are the pro-Trump texts? Where are the pro-Trump senior FBI agents? Where are the anti-Hill‚Ä¶ https://t.co/vQQDxtKRB4",0.0,0.0,0.0,1.0,92
391,FoxNews,Fri Jun 22 12:31:54 +0000 2018,".@marcthiessen: The Southern Poverty Law Center has lost all credibility
https://t.co/CNC5rBkYtJ",-0.681,0.0,0.384,0.616,93
392,FoxNews,Fri Jun 22 12:29:05 +0000 2018,"Californians divided on whether, how to ... divide https://t.co/GzJe8ct0W6",0.0,0.0,0.0,1.0,94
393,FoxNews,Fri Jun 22 12:24:16 +0000 2018,".@Varneyco: ""Bricks and mortar stores... now have a level playing field."" https://t.co/FjiXTacr8k",0.202,0.153,0.0,0.847,95
394,FoxNews,Fri Jun 22 12:20:07 +0000 2018,".@Varneyco: ""The free Internet is just about dead. You buy something online and in the future you're almost certain‚Ä¶ https://t.co/QMKP5Ze6Mm",-0.25,0.129,0.168,0.703,96
395,FoxNews,Fri Jun 22 12:10:00 +0000 2018,Charles Hurt remembers Charles Krauthammer on @foxandfriends https://t.co/xCL2PcxoFn https://t.co/rQAmMPq9Dr,-0.527,0.0,0.298,0.702,97
396,FoxNews,Fri Jun 22 12:05:00 +0000 2018,John Bolton headed to Moscow to discuss summit @foxandfriends https://t.co/GaQKQKQQBK,0.0,0.0,0.0,1.0,98
397,FoxNews,Fri Jun 22 11:50:00 +0000 2018,OPINION: America lost Charles Krauthammer just when we needed his integrity and truth-telling the most https://t.co/n8x98q4w9l,0.077,0.138,0.122,0.741,99
398,FoxNews,Fri Jun 22 11:45:01 +0000 2018,Boy's 'suspicious' death prompts removal of 7 other children from home: police https://t.co/K8jpU9oWGD,-0.599,0.0,0.262,0.738,100
399,FoxNews,Fri Jun 22 11:40:00 +0000 2018,Man jumpstarting car finds rattlesnake under hood https://t.co/Tg73eiO0r4,0.0,0.0,0.0,1.0,101
400,nytimes,Fri Jun 22 20:45:03 +0000 2018,"Food has become a trope by which the LGBTQ community has found commonality, sought visibility, championed diversity‚Ä¶ https://t.co/OTypTCqy9M",0.296,0.121,0.0,0.879,2
401,nytimes,Fri Jun 22 20:30:06 +0000 2018,"Colorado, one of the purplest states, has seen dramatic changes in recent years. In its governor's race, how far le‚Ä¶ https://t.co/pzz1uOrRKQ",0.0,0.0,0.0,1.0,3
402,nytimes,Fri Jun 22 20:15:46 +0000 2018,"This flourless, crustless tart is rich, moist, sweet and and prepared almost entirely on the stovetop‚Ä¶ https://t.co/NTYJ8gI4ln",0.818,0.378,0.0,0.622,4
403,nytimes,Fri Jun 22 20:00:06 +0000 2018,"If ‚ÄúThe Conners‚Äù must go on after Roseanne Barr, it has a chance to show middle America ‚Äî all of it, this time, our‚Ä¶ https://t.co/mlLzyUELLs",0.25,0.083,0.0,0.917,5
404,nytimes,Fri Jun 22 19:50:04 +0000 2018,"RT @nytimesbusiness: When a salon in Frederick, Md. posted a promotion for a $100 deal on hair color service, Facebook decided it was a pol‚Ä¶",0.0,0.0,0.0,1.0,6
405,nytimes,Fri Jun 22 19:40:09 +0000 2018,11 great movies and TV shows that are leaving Netflix in July https://t.co/ArwJDXkJOz,0.625,0.255,0.0,0.745,7
406,nytimes,Fri Jun 22 19:26:55 +0000 2018,"‚ÄúWe‚Äôre not supposed to be curious about death now. But how can you not be? It‚Äôs a great human mystery."" https://t.co/5Wy4bfoygl",-0.709,0.087,0.272,0.642,8
407,nytimes,Fri Jun 22 19:15:10 +0000 2018,"RT @NYTNational: ‚ö°Ô∏è ‚ÄúImmigration coverage from The New York Times‚Äù

https://t.co/l44nIinrfy",0.0,0.0,0.0,1.0,9
408,nytimes,Fri Jun 22 19:06:51 +0000 2018,You aren't the only one admiring Nigeria's World Cup kits https://t.co/dip7uO38Cq https://t.co/6nZbPfRPeh,0.382,0.191,0.0,0.809,10
409,nytimes,Fri Jun 22 18:55:02 +0000 2018,Aleksandar Mitrovic gave Serbia an early 1-0 lead over Switzerland. Follow this #WorldCup matchup live: https://t.co/QtdYrD28r7,0.0,0.0,0.0,1.0,11
410,nytimes,Fri Jun 22 18:40:06 +0000 2018,"Red league, blue league: Why is the NFL so tangled up in political controversy while NBA players dive into the fray‚Ä¶ https://t.co/vXGdrti2O4",0.0,0.0,0.0,1.0,12
411,nytimes,Fri Jun 22 18:26:18 +0000 2018,"RT @PatriciaMazzei: Just toured the temporary shelter for unaccompanied children in Homestead, Fla. This is the second largest shelter in t‚Ä¶",0.0,0.0,0.0,1.0,13
412,nytimes,Fri Jun 22 18:15:07 +0000 2018,"""The kingdom has fallen. The park is gone. Welcome to the petting zoo,"" our critic A.O. Scott writes. https://t.co/kDjR5eIJZv",-0.153,0.127,0.195,0.678,14
413,nytimes,Fri Jun 22 18:00:09 +0000 2018,"What do a day care center, a vegetarian restaurant, a hair salon, an outdoor clothing maker and an investigative ne‚Ä¶ https://t.co/2VNIS0Blmc",0.494,0.158,0.0,0.842,15
414,nytimes,Fri Jun 22 17:45:07 +0000 2018,"Modern Love: ""We love inviting each other over and also sending each other home"" https://t.co/8SnbfbwNY9",0.893,0.471,0.0,0.529,16
415,nytimes,Fri Jun 22 17:30:06 +0000 2018,"The Hungarian State Opera canceled over a dozen performances of ‚ÄúBilly Elliot,‚Äù after a newspaper columnist accused‚Ä¶ https://t.co/kRUZwJvKzn",0.0,0.0,0.0,1.0,17
416,nytimes,Fri Jun 22 17:16:54 +0000 2018,The political and social sensibilities of the NFL and the NBA have been exposed like never before. And they're in s‚Ä¶ https://t.co/HwmjczMxmf,0.296,0.105,0.055,0.84,18
417,nytimes,Fri Jun 22 17:05:06 +0000 2018,RT @nytimesbusiness: Italy‚Äôs Economy Was Humming Nicely. Then Came Trump. https://t.co/0QqapPUlXV,0.44,0.225,0.0,0.775,19
418,nytimes,Fri Jun 22 16:55:05 +0000 2018,Is your dentist coaching a World Cup team? https://t.co/tPAhAg3t7D,0.0,0.0,0.0,1.0,20
419,nytimes,Fri Jun 22 16:45:08 +0000 2018,RT @julieturkewitz: My take on the race for Colorado governor. The big question: Just how far left is this frontier state ready to go? ‚ÄúIt‚Äô‚Ä¶,0.361,0.094,0.0,0.906,21
420,nytimes,Fri Jun 22 20:45:03 +0000 2018,"Food has become a trope by which the LGBTQ community has found commonality, sought visibility, championed diversity‚Ä¶ https://t.co/OTypTCqy9M",0.296,0.121,0.0,0.879,22
421,nytimes,Fri Jun 22 20:30:06 +0000 2018,"Colorado, one of the purplest states, has seen dramatic changes in recent years. In its governor's race, how far le‚Ä¶ https://t.co/pzz1uOrRKQ",0.0,0.0,0.0,1.0,23
422,nytimes,Fri Jun 22 20:15:46 +0000 2018,"This flourless, crustless tart is rich, moist, sweet and and prepared almost entirely on the stovetop‚Ä¶ https://t.co/NTYJ8gI4ln",0.818,0.378,0.0,0.622,24
423,nytimes,Fri Jun 22 20:00:06 +0000 2018,"If ‚ÄúThe Conners‚Äù must go on after Roseanne Barr, it has a chance to show middle America ‚Äî all of it, this time, our‚Ä¶ https://t.co/mlLzyUELLs",0.25,0.083,0.0,0.917,25
424,nytimes,Fri Jun 22 19:50:04 +0000 2018,"RT @nytimesbusiness: When a salon in Frederick, Md. posted a promotion for a $100 deal on hair color service, Facebook decided it was a pol‚Ä¶",0.0,0.0,0.0,1.0,26
425,nytimes,Fri Jun 22 19:40:09 +0000 2018,11 great movies and TV shows that are leaving Netflix in July https://t.co/ArwJDXkJOz,0.625,0.255,0.0,0.745,27
426,nytimes,Fri Jun 22 19:26:55 +0000 2018,"‚ÄúWe‚Äôre not supposed to be curious about death now. But how can you not be? It‚Äôs a great human mystery."" https://t.co/5Wy4bfoygl",-0.709,0.087,0.272,0.642,28
427,nytimes,Fri Jun 22 19:15:10 +0000 2018,"RT @NYTNational: ‚ö°Ô∏è ‚ÄúImmigration coverage from The New York Times‚Äù

https://t.co/l44nIinrfy",0.0,0.0,0.0,1.0,29
428,nytimes,Fri Jun 22 19:06:51 +0000 2018,You aren't the only one admiring Nigeria's World Cup kits https://t.co/dip7uO38Cq https://t.co/6nZbPfRPeh,0.382,0.191,0.0,0.809,30
429,nytimes,Fri Jun 22 18:55:02 +0000 2018,Aleksandar Mitrovic gave Serbia an early 1-0 lead over Switzerland. Follow this #WorldCup matchup live: https://t.co/QtdYrD28r7,0.0,0.0,0.0,1.0,31
430,nytimes,Fri Jun 22 18:40:06 +0000 2018,"Red league, blue league: Why is the NFL so tangled up in political controversy while NBA players dive into the fray‚Ä¶ https://t.co/vXGdrti2O4",0.0,0.0,0.0,1.0,32
431,nytimes,Fri Jun 22 18:26:18 +0000 2018,"RT @PatriciaMazzei: Just toured the temporary shelter for unaccompanied children in Homestead, Fla. This is the second largest shelter in t‚Ä¶",0.0,0.0,0.0,1.0,33
432,nytimes,Fri Jun 22 18:15:07 +0000 2018,"""The kingdom has fallen. The park is gone. Welcome to the petting zoo,"" our critic A.O. Scott writes. https://t.co/kDjR5eIJZv",-0.153,0.127,0.195,0.678,34
433,nytimes,Fri Jun 22 18:00:09 +0000 2018,"What do a day care center, a vegetarian restaurant, a hair salon, an outdoor clothing maker and an investigative ne‚Ä¶ https://t.co/2VNIS0Blmc",0.494,0.158,0.0,0.842,35
434,nytimes,Fri Jun 22 17:45:07 +0000 2018,"Modern Love: ""We love inviting each other over and also sending each other home"" https://t.co/8SnbfbwNY9",0.893,0.471,0.0,0.529,36
435,nytimes,Fri Jun 22 17:30:06 +0000 2018,"The Hungarian State Opera canceled over a dozen performances of ‚ÄúBilly Elliot,‚Äù after a newspaper columnist accused‚Ä¶ https://t.co/kRUZwJvKzn",0.0,0.0,0.0,1.0,37
436,nytimes,Fri Jun 22 17:16:54 +0000 2018,The political and social sensibilities of the NFL and the NBA have been exposed like never before. And they're in s‚Ä¶ https://t.co/HwmjczMxmf,0.296,0.105,0.055,0.84,38
437,nytimes,Fri Jun 22 17:05:06 +0000 2018,RT @nytimesbusiness: Italy‚Äôs Economy Was Humming Nicely. Then Came Trump. https://t.co/0QqapPUlXV,0.44,0.225,0.0,0.775,39
438,nytimes,Fri Jun 22 16:55:05 +0000 2018,Is your dentist coaching a World Cup team? https://t.co/tPAhAg3t7D,0.0,0.0,0.0,1.0,40
439,nytimes,Fri Jun 22 16:45:08 +0000 2018,RT @julieturkewitz: My take on the race for Colorado governor. The big question: Just how far left is this frontier state ready to go? ‚ÄúIt‚Äô‚Ä¶,0.361,0.094,0.0,0.906,41
440,nytimes,Fri Jun 22 16:35:06 +0000 2018,"Trump tweeted that Republicans should stop ‚Äúwasting their time"" over the party's latest immigration proposal https://t.co/t6BDqi3alE",-0.296,0.0,0.128,0.872,42
441,nytimes,Fri Jun 22 16:25:05 +0000 2018,RT @nytgraphics: Chief Justice Roberts joined the liberal wing of the Supreme Court to rule that the government generally needs a warrant t‚Ä¶,0.791,0.259,0.0,0.741,43
442,nytimes,Fri Jun 22 16:15:04 +0000 2018,Not sure what to do this weekend in NYC? We‚Äôve got you. https://t.co/3rp5hmUl5C,0.318,0.161,0.0,0.839,44
443,nytimes,Fri Jun 22 16:00:04 +0000 2018,"Anthony Bourdain didn't have narcotics in his body when he died earlier this month, a prosecutor in charge of the i‚Ä¶ https://t.co/tgxhVbGHO5",-0.557,0.0,0.153,0.847,45
444,nytimes,Fri Jun 22 15:45:03 +0000 2018,"""They have trouble sleeping, sometimes they're anxious, depressed, crying, primarily,"" an official at a children's‚Ä¶ https://t.co/Q01BwVkM0h",-0.878,0.0,0.502,0.498,46
445,nytimes,Fri Jun 22 15:35:04 +0000 2018,"RT @nytimesbusiness: Although history suggests that no one wins a trade war, some in the Trump camp cite an exception: the ‚Äúbanana war‚Äù wag‚Ä¶",-0.34,0.124,0.205,0.671,47
446,nytimes,Fri Jun 22 15:25:07 +0000 2018,"Iceland tries to keep the magic going after drawing Argentina, and Nigeria tries to turn things around after a dire‚Ä¶ https://t.co/LY7w8EtU8M",0.0,0.0,0.0,1.0,48
447,nytimes,Fri Jun 22 15:10:04 +0000 2018,China has ambitious plans to compete head-to-head with the United States and other nations in the technology of tom‚Ä¶ https://t.co/5BqvmZ3P63,0.71,0.247,0.0,0.753,49
448,nytimes,Fri Jun 22 15:00:20 +0000 2018,"Overnight, the jobs of consular officials from Central American countries in New York changed from processing passp‚Ä¶ https://t.co/Bn1HdnMdtX",0.0,0.0,0.0,1.0,50
449,nytimes,Fri Jun 22 14:50:04 +0000 2018,"RT @nytopinion: For a World Cup family adventure, we tore it up in Iceland, says @gwenoxenham https://t.co/XkviAqCFKQ",0.318,0.133,0.0,0.867,51
450,nytimes,Fri Jun 22 14:45:54 +0000 2018,"Breaking News: The Supreme Court issued a major privacy decision, saying the government generally needs a warrant f‚Ä¶ https://t.co/0qCPCzh3fB",0.557,0.184,0.0,0.816,52
451,nytimes,Fri Jun 22 14:40:35 +0000 2018,Environmental advocates hope that DNA databases for trees can help prevent illegal logging https://t.co/dKRWO4AEzY,0.273,0.33,0.177,0.493,53
452,nytimes,Fri Jun 22 14:30:19 +0000 2018,"Iceland's team is strong, disciplined and hard to rattle. It is also unusually close to its fans. ""Everyone in the‚Ä¶ https://t.co/B7V1pO3wVg",0.44,0.139,0.059,0.802,54
453,nytimes,Fri Jun 22 14:20:04 +0000 2018,"""We might have underestimated the number of primate extinctions caused by humans in the past."" Researchers have ide‚Ä¶ https://t.co/YjbqB6dLxH",-0.202,0.064,0.103,0.833,55
454,nytimes,Fri Jun 22 14:10:02 +0000 2018,"Benetton used photos of real migrants in an ad campaign, drawing howls of protest https://t.co/mdI1GV0daS",-0.25,0.0,0.125,0.875,56
455,nytimes,Fri Jun 22 13:59:03 +0000 2018,Coutinho and Neymar both scored in stoppage time to give Brazil a 2-0 lead over Costa Rica https://t.co/kdYFUSjI97,0.0,0.0,0.0,1.0,57
456,nytimes,Fri Jun 22 13:44:04 +0000 2018,"A restrictive guardianship system means that Saudi women remain dependents of male relatives ‚Äî a father, husband, b‚Ä¶ https://t.co/bdYBShz5X9",0.0,0.0,0.0,1.0,58
457,nytimes,Fri Jun 22 13:16:05 +0000 2018,President Trump said that North Korea had already begun to denuclearize. A fact check: https://t.co/WNP7FR8DoU,0.0,0.0,0.0,1.0,59
458,nytimes,Fri Jun 22 13:00:08 +0000 2018,Morning Briefing: Here's what you need to know to start your day https://t.co/1MXRlsWdZ8 https://t.co/KRYQfBIjAg,0.0,0.0,0.0,1.0,60
459,nytimes,Fri Jun 22 12:45:04 +0000 2018,The largest United States banks could soon be free to pay out as much as $90 billion in spare profits to their shar‚Ä¶ https://t.co/NjmVuq6Wfk,0.822,0.296,0.046,0.658,61
460,nytimes,Fri Jun 22 12:30:07 +0000 2018,City officials first learned that migrant children were being sent to New York after a relative of a Honduran child‚Ä¶ https://t.co/OW9wHiNfxo,0.0,0.0,0.0,1.0,62
461,nytimes,Fri Jun 22 12:16:05 +0000 2018,Brazil vs. Costa Rica: Live updates https://t.co/n3dtarT1jR,0.0,0.0,0.0,1.0,63
462,nytimes,Fri Jun 22 12:00:08 +0000 2018,RT @nytimesworld: The Trump tariffs are doing a good job at hurting European companies. The only problem is what's hurting: their operation‚Ä¶,-0.637,0.104,0.289,0.607,64
463,nytimes,Fri Jun 22 11:45:07 +0000 2018,"""I feel like I'm going to die. I feel powerless."" A woman from Guatemala said she had not seen her 8-year-old daugh‚Ä¶ https://t.co/jOuoH5iuH6",-0.34,0.098,0.154,0.748,65
464,nytimes,Fri Jun 22 11:29:01 +0000 2018,"President Trump is sending his national security adviser, John Bolton, to Moscow next week to discuss a possible me‚Ä¶ https://t.co/S0OmISXz7H",0.34,0.118,0.0,0.882,66
465,nytimes,Fri Jun 22 11:14:06 +0000 2018,"As a ""complete goalkeeper,"" Brazil's Alisson Becker is rewriting stereotypes about goalkeepers from his country https://t.co/07iSAt7f3U",0.0,0.0,0.0,1.0,67
466,nytimes,Fri Jun 22 11:00:03 +0000 2018,"The 2018 World Cup is now underway in Russia. How it ended up there involves some names you might recognize: Comey,‚Ä¶ https://t.co/Iyc31rwPU9",0.0,0.0,0.0,1.0,68
467,nytimes,Fri Jun 22 10:44:04 +0000 2018,"Another diplomat working at the United States Embassy in Havana has been sickened by a mysterious attack, the State‚Ä¶ https://t.co/6UIQcxkTo7",-0.586,0.11,0.26,0.63,69
468,nytimes,Fri Jun 22 10:32:03 +0000 2018,President Trump unveiled a plan on Thursday to overhaul the federal government that could have a profound effect on‚Ä¶ https://t.co/omL8UMtOOa,0.0,0.0,0.0,1.0,70
469,nytimes,Fri Jun 22 10:10:07 +0000 2018,Morning¬†Briefing: Here's what you need to know to start your day https://t.co/j3StpihzKM https://t.co/qtKw6Qicvd,0.0,0.0,0.0,1.0,71
470,nytimes,Fri Jun 22 10:00:10 +0000 2018,Women took to the streets in several Spanish cities after five men who were found guilty of sexually assaulting a w‚Ä¶ https://t.co/MkkD55pc2G,-0.727,0.0,0.243,0.757,72
471,nytimes,Fri Jun 22 09:45:10 +0000 2018,Argentina put in a shambolic display against Croatia in a 3-0 loss that left it on the verge of early elimination https://t.co/cwONV6dDYO,-0.318,0.0,0.108,0.892,73
472,nytimes,Fri Jun 22 09:30:15 +0000 2018,"The European Union fought back against the Trump administration‚Äôs tariffs, slapping penalties on an array of Americ‚Ä¶ https://t.co/MF5pMz11iE",-0.318,0.0,0.119,0.881,74
473,nytimes,Fri Jun 22 09:15:05 +0000 2018,"The United States is preparing to shelter as many as 20,000 migrant children on four American military bases, a Pen‚Ä¶ https://t.co/IMTBkqJapy",0.422,0.128,0.0,0.872,75
474,nytimes,Fri Jun 22 09:00:06 +0000 2018,"""If you have never watched 'The Great British Baking Show,' there really is no better time to start than now"" https://t.co/Oy2fTVjn6Z",-0.384,0.117,0.214,0.668,76
475,nytimes,Fri Jun 22 08:45:02 +0000 2018,RT @nytimesworld: Mexican fans' chant of a gay slur at the World Cup has resulted in another fine for the team and more threats of dire con‚Ä¶,-0.676,0.058,0.204,0.738,77
476,nytimes,Fri Jun 22 08:30:01 +0000 2018,"Melania Trump's spokeswoman said it was ""just a jacket"" ‚Äî nothing to see here https://t.co/WNkoYhpGOQ",0.0,0.0,0.0,1.0,78
477,nytimes,Fri Jun 22 08:15:05 +0000 2018,RT @nytimesworld: The Eritrean leader noted ‚Äúpositive signals‚Äù in recent days from Ethiopia and said the delegation would ‚Äúgauge current de‚Ä¶,0.0,0.0,0.0,1.0,79
478,nytimes,Fri Jun 22 08:02:05 +0000 2018,"Amrita Sher-Gil, a pioneer of modern Indian art, used her paintbrush to depict the daily lives of Indian women in t‚Ä¶ https://t.co/Atmxk881vj",0.0,0.0,0.0,1.0,80
479,nytimes,Fri Jun 22 07:47:07 +0000 2018,"It was like a scene straight out of an action movie.

A man in the busy shopping district of Manchester, England, c‚Ä¶ https://t.co/DUWxD7caVV",0.527,0.188,0.0,0.812,81
480,nytimes,Fri Jun 22 07:32:00 +0000 2018,This summery recipe from Jacques P√©pin couldn't be easier https://t.co/vIqBtEhisX,-0.325,0.0,0.206,0.794,82
481,nytimes,Fri Jun 22 07:18:01 +0000 2018,RT @NYTScience: Why elephants can smell better than you https://t.co/lVFoSMARAx,0.44,0.244,0.0,0.756,83
482,nytimes,Fri Jun 22 07:02:06 +0000 2018,Zanzibar is known for its joyous Eid al-Fitr celebration https://t.co/LLlJpR4NeL,0.625,0.313,0.0,0.687,84
483,nytimes,Fri Jun 22 06:39:33 +0000 2018,"Unneeded Drugs Killed Hundreds at U.K. Hospital, Inquiry Finds https://t.co/x0CgBIPjAj",-0.67,0.0,0.333,0.667,85
484,nytimes,Fri Jun 22 06:32:01 +0000 2018,"RT @nytgraphics: Migrants are on the rise around the world, and myths about them are shaping attitudes. 1/6 https://t.co/kmyV3oi7Yp https:/‚Ä¶",0.0,0.0,0.0,1.0,86
485,nytimes,Fri Jun 22 06:06:04 +0000 2018,"Nina Simone's childhood home is now a National Treasure
https://t.co/Yira92SWfA",0.296,0.216,0.0,0.784,87
486,nytimes,Fri Jun 22 05:49:55 +0000 2018,Why does every thrift store (and their clothes) smell the same? And how do I get rid of the smell? Science to the r‚Ä¶ https://t.co/lciI5sypYl,0.0,0.0,0.0,1.0,88
487,nytimes,Fri Jun 22 05:32:02 +0000 2018,RT @NYTMetro: A New Jersey sixth grader was called ‚Äúfat‚Äù and ‚Äújiggly‚Äù and was asked when she would kill herself during months of bullying t‚Ä¶,-0.862,0.0,0.281,0.719,89
488,nytimes,Fri Jun 22 05:14:00 +0000 2018,"ABC is planning a ‚ÄúRoseanne‚Äù spinoff without Roseanne Barr, less than a month after canceling the revival because o‚Ä¶ https://t.co/fxkFBnocLg",0.0,0.0,0.0,1.0,90
489,nytimes,Fri Jun 22 04:56:37 +0000 2018,"There is compelling evidence for the idea that viruses might be involved in Alzheimer‚Äôs, particularly 2 types of he‚Ä¶ https://t.co/KwVG3mHGdO",0.226,0.095,0.0,0.905,91
490,nytimes,Fri Jun 22 04:39:47 +0000 2018,Koko's tenderness and aptitude for sign language touched the lives of millions. She met Robin Williams in 2001 and‚Ä¶ https://t.co/wPZwpz1kgz,0.422,0.128,0.0,0.872,92
491,nytimes,Fri Jun 22 04:23:06 +0000 2018,RT @nytopinion: A U.S. government film from 1943 justifying the detention of Japanese-Americans in internment camps has new relevance in li‚Ä¶,-0.361,0.0,0.116,0.884,93
492,nytimes,Fri Jun 22 04:08:02 +0000 2018,"Greece Prepares to Stagger Back From Debt Crisis, the End of Bailouts in Sight https://t.co/sbiEERRG8W",-0.765,0.0,0.337,0.663,94
493,nytimes,Fri Jun 22 04:02:04 +0000 2018,Remains of an extinct gibbon were found in the tomb of an ancient Chinese noblewoman. Researchers believe it was an‚Ä¶ https://t.co/MtNEEoPwdv,0.0,0.0,0.0,1.0,95
494,nytimes,Fri Jun 22 03:47:05 +0000 2018,"36 Hours in Seville: Take a tapas tour, learn the basics of flamenco, or relax in thermal baths inside a Mud√©jar-st‚Ä¶ https://t.co/pul0spS0ZX",0.44,0.132,0.0,0.868,96
495,nytimes,Fri Jun 22 03:32:07 +0000 2018,"Amrita Sher-Gil, often called the ""Indian Frida Kahlo,"" was 28 when she died and was just gaining widespread popula‚Ä¶ https://t.co/FJH7Xn5U4y",-0.202,0.115,0.148,0.738,97
496,nytimes,Fri Jun 22 03:19:50 +0000 2018,Newly Discovered ‚ÄòLimb Pit‚Äô Reveals Civil War Surgeons‚Äô Bitter Choices https://t.co/oUIRuYdCiY,-0.772,0.0,0.427,0.573,98
497,nytimes,Fri Jun 22 03:17:03 +0000 2018,"RT @jackhealyNYT: Thousands of miles from her daughter. Unable to visit. Limited to two calls a week. Reunion in a month, maybe. 

https://‚Ä¶",-0.226,0.0,0.087,0.913,99
498,nytimes,Fri Jun 22 03:05:20 +0000 2018,"16 and Alone, Inside a Center for Separated Children in New York https://t.co/3Hb75v1mEM",-0.25,0.0,0.154,0.846,100
499,nytimes,Fri Jun 22 03:02:02 +0000 2018,A large die-off of bald eagles in Maryland in 2016 was caused by a highly restricted and toxic pesticide https://t.co/L5BATiR3yR,-0.439,0.0,0.145,0.855,101
